episode_id,task,task_instruction,report_category,failed,failure_start_timestep,failure_end_timestep,failure_type,explanation,confidence,sampled_timesteps,raw_response,stored_start_timestep,stored_end_timestep
1,green_cube_in_sink,put the green cube in the sink,Reach/grasp misalignment,True,0,0,"Position deviation, misalignment during the reach for the cube. The robot arm's ","Position deviation, misalignment during the reach for the cube. The robot arm did not properly align itself over the green cube, leading to an unsuccessful grasp attempt. This misalignment indicates that the end-effector was not accurately positioned, resulting in a failure to securely grasp the cube. The position deviation in the X and Y axes indicates that the end-effector was slightly behind (X",0.012578,"[0, 4, 8, 12, 17, 21, 25, 29, 33, 37, 42, 46, 50, 54, 58, 62, 67, 71, 75, 79]","{""failed"": true, ""failure_start_timestep"": 0, ""failure_end_timestep"": 1, ""failure_type"": ""Position deviation, misalignment during the reach for the cube. The robot arm's "", ""explanation"": ""Position deviation, misalignment during the reach for the cube. The robot arm did not properly align itself over the green cube, leading to an unsuccessful grasp attempt. This misalignment indicates that the end-effector was not accurately positioned, resulting in a failure to securely grasp the cube. The position deviation in the X and Y axes indicates that the end-effector was slightly behind (X"", ""confidence"": 0.012578}",0,2
2,green_cube_in_sink,put the green cube in the sink,Reach/grasp misalignment,True,0,0,"Position deviation, misalignment during the reach for the cube. The robot arm's ","Position deviation, misalignment during the reach for the cube. The robot arm did not properly align itself over the green cube, leading to an unsuccessful grasp attempt. This misalignment indicates that the end-effector was not accurately positioned, resulting in a failure to securely grasp the cube. The position deviation in the X and Y axes indicates that the end-effector was slightly behind (X",0.012578,"[0, 4, 8, 12, 17, 21, 25, 29, 33, 37, 42, 46, 50, 54, 58, 62, 67, 71, 75, 79]","{""failed"": true, ""failure_start_timestep"": 0, ""failure_end_timestep"": 1, ""failure_type"": ""Position deviation, misalignment during the reach for the cube. The robot arm's "", ""explanation"": ""Position deviation, misalignment during the reach for the cube. The robot arm did not properly align itself over the green cube, leading to an unsuccessful grasp attempt. This misalignment indicates that the end-effector was not accurately positioned, resulting in a failure to securely grasp the cube. The position deviation in the X and Y axes indicates that the end-effector was slightly behind (X"", ""confidence"": 0.012578}",0,2
3,green_cube_in_sink,put the green cube in the sink,Reach/grasp misalignment,True,0,0,"Position deviation, misalignment during the reach for the cube. The robot arm's ","Position deviation, misalignment during the reach for the cube. The robot arm did not properly align itself over the green cube, leading to an unsuccessful grasp attempt. This misalignment indicates that the end-effector was not accurately positioned, resulting in a failure to securely grasp the cube. The position deviation in the X and Y axes indicates that the end-effector was slightly behind (X",0.012562,"[0, 4, 8, 12, 17, 21, 25, 29, 33, 37, 42, 46, 50, 54, 58, 62, 67, 71, 75, 79]","{""failed"": true, ""failure_start_timestep"": 0, ""failure_end_timestep"": 1, ""failure_type"": ""Position deviation, misalignment during the reach for the cube. The robot arm's "", ""explanation"": ""Position deviation, misalignment during the reach for the cube. The robot arm did not properly align itself over the green cube, leading to an unsuccessful grasp attempt. This misalignment indicates that the end-effector was not accurately positioned, resulting in a failure to securely grasp the cube. The position deviation in the X and Y axes indicates that the end-effector was slightly behind (X"", ""confidence"": 0.012562}",0,2
4,green_cube_in_sink,put the green cube in the sink,Reach/grasp misalignment,True,0,0,"Position deviation, misalignment during the reach for the cube. The robot arm's ","Position deviation, misalignment during the reach for the cube. The robot arm did not properly align itself over the green cube, leading to an unsuccessful grasp attempt. This misalignment indicates that the end-effector was not accurately positioned, resulting in a failure to securely grasp the cube. The position deviation in the X and Y axes indicates that the end-effector was slightly behind (X",0.012562,"[0, 4, 8, 12, 17, 21, 25, 29, 33, 37, 42, 46, 50, 54, 58, 62, 67, 71, 75, 79]","{""failed"": true, ""failure_start_timestep"": 0, ""failure_end_timestep"": 1, ""failure_type"": ""Position deviation, misalignment during the reach for the cube. The robot arm's "", ""explanation"": ""Position deviation, misalignment during the reach for the cube. The robot arm did not properly align itself over the green cube, leading to an unsuccessful grasp attempt. This misalignment indicates that the end-effector was not accurately positioned, resulting in a failure to securely grasp the cube. The position deviation in the X and Y axes indicates that the end-effector was slightly behind (X"", ""confidence"": 0.012562}",0,2
5,green_cube_in_sink,put the green cube in the sink,Reach/grasp misalignment,True,0,0,"Position deviation, misalignment during the reach for the green cube. The robot,","Position deviation, misalignment during the reach for the green cube. The robot arm did not properly align itself over the green cube, leading to an unsuccessful grasp attempt. This misalignment indicates that the end-effector was not accurately positioned, resulting in a failure to securely grasp the cube. The position deviation in the X and Y axes indicates that the end-effector was slightly off",0.0,"[0, 4, 8, 12, 17, 21, 25, 29, 33, 37, 42, 46, 50, 54, 58, 62, 67, 71, 75, 79]","{""failed"": true, ""failure_start_timestep"": 0, ""failure_end_timestep"": 1, ""failure_type"": ""Position deviation, misalignment during the reach for the green cube. The robot,"", ""explanation"": ""Position deviation, misalignment during the reach for the green cube. The robot arm did not properly align itself over the green cube, leading to an unsuccessful grasp attempt. This misalignment indicates that the end-effector was not accurately positioned, resulting in a failure to securely grasp the cube. The position deviation in the X and Y axes indicates that the end-effector was slightly off"", ""confidence"": 0.0}",0,2
6,green_cube_in_sink,put the green cube in the sink,Reach/grasp misalignment,True,0,0,"Position deviation, misalignment during the reach for the green cube. The robot,","Position deviation, misalignment during the reach for the green cube. The robot arm did not properly align itself over the green cube, leading to an unsuccessful grasp attempt. This misalignment indicates that the end-effector was not accurately positioned, resulting in a failure to securely grasp the cube and continue with the subsequent steps of placing it in the safe. The position deviation in ",0.012578,"[0, 4, 8, 12, 17, 21, 25, 29, 33, 37, 42, 46, 50, 54, 58, 62, 67, 71, 75, 79]","{""failed"": true, ""failure_start_timestep"": 0, ""failure_end_timestep"": 1, ""failure_type"": ""Position deviation, misalignment during the reach for the green cube. The robot,"", ""explanation"": ""Position deviation, misalignment during the reach for the green cube. The robot arm did not properly align itself over the green cube, leading to an unsuccessful grasp attempt. This misalignment indicates that the end-effector was not accurately positioned, resulting in a failure to securely grasp the cube and continue with the subsequent steps of placing it in the safe. The position deviation in "", ""confidence"": 0.012578}",0,2
7,green_cube_in_sink,put the green cube in the sink,Reach/grasp misalignment,True,0,0,"Position deviation, misalignment during the reach for the cube. The robot arm's ","Position deviation, misalignment during the reach for the cube. The robot arm did not properly align itself over the green cube, leading to an unsuccessful grasp attempt. This misalignment indicates that the end-effector was not accurately positioned, resulting in a failure to securely grasp the cube. The position deviation in the X and Y axes indicates that the end-effector was slightly behind (X",0.012562,"[0, 4, 8, 12, 17, 21, 25, 29, 33, 37, 42, 46, 50, 54, 58, 62, 67, 71, 75, 79]","{""failed"": true, ""failure_start_timestep"": 0, ""failure_end_timestep"": 1, ""failure_type"": ""Position deviation, misalignment during the reach for the cube. The robot arm's "", ""explanation"": ""Position deviation, misalignment during the reach for the cube. The robot arm did not properly align itself over the green cube, leading to an unsuccessful grasp attempt. This misalignment indicates that the end-effector was not accurately positioned, resulting in a failure to securely grasp the cube. The position deviation in the X and Y axes indicates that the end-effector was slightly behind (X"", ""confidence"": 0.012562}",0,2
8,green_cube_in_sink,put the green cube in the sink,Reach/grasp misalignment,True,0,0,"Position deviation, misalignment during the reach for the cube. The robot arm's ","Position deviation, misalignment during the reach for the cube. The robot arm did not properly align itself over the green cube, leading to an unsuccessful grasp attempt. This misalignment indicates that the end-effector was not accurately positioned, resulting in a failure to securely grasp the cube. The position deviation in the X and Y axes indicates that the end-effector was slightly behind (X",0.012562,"[0, 4, 8, 12, 17, 21, 25, 29, 33, 37, 42, 46, 50, 54, 58, 62, 67, 71, 75, 79]","{""failed"": true, ""failure_start_timestep"": 0, ""failure_end_timestep"": 1, ""failure_type"": ""Position deviation, misalignment during the reach for the cube. The robot arm's "", ""explanation"": ""Position deviation, misalignment during the reach for the cube. The robot arm did not properly align itself over the green cube, leading to an unsuccessful grasp attempt. This misalignment indicates that the end-effector was not accurately positioned, resulting in a failure to securely grasp the cube. The position deviation in the X and Y axes indicates that the end-effector was slightly behind (X"", ""confidence"": 0.012562}",0,2
9,green_cube_in_sink,put the green cube in the sink,Reach/grasp misalignment,True,0,0,"Position deviation, misalignment during the reach for the green cube. The robot,","Position deviation, misalignment during the reach for the green cube. The robot arm did not properly align itself over the green cube, leading to an unsuccessful grasp attempt. This misalignment indicates that the end-effector was not accurately positioned, resulting in a failure to securely grasp the cube and continue with the subsequent steps of placing it in the box. The position deviation in X",0.012562,"[0, 4, 8, 12, 17, 21, 25, 29, 33, 37, 42, 46, 50, 54, 58, 62, 67, 71, 75, 79]","{""failed"": true, ""failure_start_timestep"": 0, ""failure_end_timestep"": 1, ""failure_type"": ""Position deviation, misalignment during the reach for the green cube. The robot,"", ""explanation"": ""Position deviation, misalignment during the reach for the green cube. The robot arm did not properly align itself over the green cube, leading to an unsuccessful grasp attempt. This misalignment indicates that the end-effector was not accurately positioned, resulting in a failure to securely grasp the cube and continue with the subsequent steps of placing it in the box. The position deviation in X"", ""confidence"": 0.012562}",0,2
10,green_cube_in_sink,put the green cube in the sink,Reach/grasp misalignment,True,0,0,"Position deviation, misalignment during the reach for the green cube. The robot,","Position deviation, misalignment during the reach for the green cube. The robot arm did not properly align itself over the green cube, leading to an unsuccessful grasp attempt. This misalignment indicates that the end-effector was not accurately positioned, resulting in a failure to securely grasp the cube. The position deviation in the X and Y axes indicates that the end-effector was slightly off",0.0,"[0, 4, 8, 12, 17, 21, 25, 29, 33, 37, 42, 46, 50, 54, 58, 62, 67, 71, 75, 79]","{""failed"": true, ""failure_start_timestep"": 0, ""failure_end_timestep"": 1, ""failure_type"": ""Position deviation, misalignment during the reach for the green cube. The robot,"", ""explanation"": ""Position deviation, misalignment during the reach for the green cube. The robot arm did not properly align itself over the green cube, leading to an unsuccessful grasp attempt. This misalignment indicates that the end-effector was not accurately positioned, resulting in a failure to securely grasp the cube. The position deviation in the X and Y axes indicates that the end-effector was slightly off"", ""confidence"": 0.0}",0,2
11,green_cube_in_sink,put the green cube in the sink,Reach/grasp misalignment,True,0,0,"Position deviation, misalignment during the reach for the green cube. The robot,","Position deviation, misalignment during the reach for the green cube. The robot arm did not properly align itself over the green cube, leading to an unsuccessful grasp attempt. This misalignment indicates that the end-effector was not accurately positioned, resulting in a failure to securely grasp the cube and continue with the subsequent steps of the task. The position deviation in the X-axis, Y,",0.012345,"[0, 4, 8, 12, 17, 21, 25, 29, 33, 37, 42, 46, 50, 54, 58, 62, 67, 71, 75, 79]","{""failed"": true, ""failure_start_timestep"": 0, ""failure_end_timestep"": 1, ""failure_type"": ""Position deviation, misalignment during the reach for the green cube. The robot,"", ""explanation"": ""Position deviation, misalignment during the reach for the green cube. The robot arm did not properly align itself over the green cube, leading to an unsuccessful grasp attempt. This misalignment indicates that the end-effector was not accurately positioned, resulting in a failure to securely grasp the cube and continue with the subsequent steps of the task. The position deviation in the X-axis, Y,"", ""confidence"": 0.012345}",0,2
12,green_cube_in_sink,put the green cube in the sink,Reach/grasp misalignment,True,0,0,"Position deviation, misalignment during the reach for the green cube. The robot,","Position deviation, misalignment during the reach for the green cube. The robot arm did not properly align itself over the green cube, leading to an unsuccessful grasp attempt. This misalignment indicates that the end-effector was not accurately positioned, resulting in a failure to securely grasp the cube. The position deviation in the X and Y axes indicates that the end-effector was slightly off",0.012562,"[0, 4, 8, 12, 17, 21, 25, 29, 33, 37, 42, 46, 50, 54, 58, 62, 67, 71, 75, 79]","{""failed"": true, ""failure_start_timestep"": 0, ""failure_end_timestep"": 1, ""failure_type"": ""Position deviation, misalignment during the reach for the green cube. The robot,"", ""explanation"": ""Position deviation, misalignment during the reach for the green cube. The robot arm did not properly align itself over the green cube, leading to an unsuccessful grasp attempt. This misalignment indicates that the end-effector was not accurately positioned, resulting in a failure to securely grasp the cube. The position deviation in the X and Y axes indicates that the end-effector was slightly off"", ""confidence"": 0.012562}",0,2
13,green_cube_in_sink,put the green cube in the sink,Reach/grasp misalignment,True,0,0,"Position deviation, misalignment during the reach for the green cube. The robot,","Position deviation, misalignment during the reach for the green cube. The robot arm did not properly align itself over the green cube, leading to an unsuccessful grasp attempt. This misalignment indicates that the end-effector was not accurately positioned, resulting in a failure to securely grasp the cube. The position deviation in the X and Y axes indicates that the end-effector was slightly off",0.0,"[0, 4, 8, 12, 17, 21, 25, 29, 33, 37, 42, 46, 50, 54, 58, 62, 67, 71, 75, 79]","{""failed"": true, ""failure_start_timestep"": 0, ""failure_end_timestep"": 1, ""failure_type"": ""Position deviation, misalignment during the reach for the green cube. The robot,"", ""explanation"": ""Position deviation, misalignment during the reach for the green cube. The robot arm did not properly align itself over the green cube, leading to an unsuccessful grasp attempt. This misalignment indicates that the end-effector was not accurately positioned, resulting in a failure to securely grasp the cube. The position deviation in the X and Y axes indicates that the end-effector was slightly off"", ""confidence"": 0.0}",0,2
14,green_cube_in_sink,put the green cube in the sink,Reach/grasp misalignment,True,0,0,"Position deviation, misalignment during the reach for the green cube. The robot,","Position deviation, misalignment during the reach for the green cube. The robot arm did not properly align itself over the green cube, leading to an unsuccessful grasp attempt. This misalignment indicates that the end-effector was not accurately positioned, resulting in a failure to securely grasp the cube and continue with the subsequent steps of placing it in the box. The position deviation in X",0.012562,"[0, 4, 8, 12, 17, 21, 25, 29, 33, 37, 42, 46, 50, 54, 58, 62, 67, 71, 75, 79]","{""failed"": true, ""failure_start_timestep"": 0, ""failure_end_timestep"": 1, ""failure_type"": ""Position deviation, misalignment during the reach for the green cube. The robot,"", ""explanation"": ""Position deviation, misalignment during the reach for the green cube. The robot arm did not properly align itself over the green cube, leading to an unsuccessful grasp attempt. This misalignment indicates that the end-effector was not accurately positioned, resulting in a failure to securely grasp the cube and continue with the subsequent steps of placing it in the box. The position deviation in X"", ""confidence"": 0.012562}",0,2
15,green_cube_in_sink,put the green cube in the sink,Reach/grasp misalignment,True,0,0,"Position deviation, alignment error during the reach for the cube. The robot arm","Position deviation, alignment error during the reach for the cube. The robot arm did not properly align itself over the green cube, leading to an unsuccessful grasp attempt. This misalignment indicates that the end-effector was not accurately positioned, resulting in a failure to securely grasp the cube. The position deviation in the X and Y axes indicates that the end-effector was slightly behind",0.0,"[0, 4, 8, 12, 17, 21, 25, 29, 33, 37, 42, 46, 50, 54, 58, 62, 67, 71, 75, 79]","{""failed"": true, ""failure_start_timestep"": 0, ""failure_end_timestep"": 1, ""failure_type"": ""Position deviation, alignment error during the reach for the cube. The robot arm"", ""explanation"": ""Position deviation, alignment error during the reach for the cube. The robot arm did not properly align itself over the green cube, leading to an unsuccessful grasp attempt. This misalignment indicates that the end-effector was not accurately positioned, resulting in a failure to securely grasp the cube. The position deviation in the X and Y axes indicates that the end-effector was slightly behind"", ""confidence"": 0.0}",0,2
16,green_cube_in_sink,put the green cube in the sink,Reach/grasp misalignment,True,0,0,"Position deviation, misalignment during the reach for the green cube. The robot,","Position deviation, misalignment during the reach for the green cube. The robot arm did not properly align itself over the green cube, leading to an unsuccessful grasp attempt. This misalignment indicates that the end-effector was not accurately positioned, resulting in a failure to securely grasp the cube. The position deviation in the X and Y axes indicates that the end-effector was slightly off",0.0,"[0, 4, 8, 12, 17, 21, 25, 29, 33, 37, 42, 46, 50, 54, 58, 62, 67, 71, 75, 79]","{""failed"": true, ""failure_start_timestep"": 0, ""failure_end_timestep"": 1, ""failure_type"": ""Position deviation, misalignment during the reach for the green cube. The robot,"", ""explanation"": ""Position deviation, misalignment during the reach for the green cube. The robot arm did not properly align itself over the green cube, leading to an unsuccessful grasp attempt. This misalignment indicates that the end-effector was not accurately positioned, resulting in a failure to securely grasp the cube. The position deviation in the X and Y axes indicates that the end-effector was slightly off"", ""confidence"": 0.0}",0,2
17,green_cube_in_sink,put the green cube in the sink,Reach/grasp misalignment,True,0,0,"Position deviation, misalignment during the reach for the cube. The robot arm's ","Position deviation, misalignment during the reach for the cube. The robot arm did not properly align itself over the green cube, leading to an unsuccessful grasp attempt. This misalignment indicates that the end-effector was not accurately positioned, resulting in a failure to securely grasp the cube. The position deviation in the X and Y axes indicates that the end-effector was slightly behind (X",0.012562,"[0, 4, 8, 12, 17, 21, 25, 29, 33, 37, 42, 46, 50, 54, 58, 62, 67, 71, 75, 79]","{""failed"": true, ""failure_start_timestep"": 0, ""failure_end_timestep"": 1, ""failure_type"": ""Position deviation, misalignment during the reach for the cube. The robot arm's "", ""explanation"": ""Position deviation, misalignment during the reach for the cube. The robot arm did not properly align itself over the green cube, leading to an unsuccessful grasp attempt. This misalignment indicates that the end-effector was not accurately positioned, resulting in a failure to securely grasp the cube. The position deviation in the X and Y axes indicates that the end-effector was slightly behind (X"", ""confidence"": 0.012562}",0,2
18,green_cube_in_sink,put the green cube in the sink,Reach/grasp misalignment,True,0,0,"Position deviation, misalignment during the reach for the green cube. The robot,","Position deviation, misalignment during the reach for the green cube. The robot arm did not properly align itself over the green cube, leading to an unsuccessful grasp attempt. This misalignment indicates that the end-effector was not accurately positioned, resulting in a failure to securely grasp the cube and continue with the subsequent steps of placing it in the box. The position deviation in X",0.012345,"[0, 4, 8, 12, 17, 21, 25, 29, 33, 37, 42, 46, 50, 54, 58, 62, 67, 71, 75, 79]","{""failed"": true, ""failure_start_timestep"": 0, ""failure_end_timestep"": 1, ""failure_type"": ""Position deviation, misalignment during the reach for the green cube. The robot,"", ""explanation"": ""Position deviation, misalignment during the reach for the green cube. The robot arm did not properly align itself over the green cube, leading to an unsuccessful grasp attempt. This misalignment indicates that the end-effector was not accurately positioned, resulting in a failure to securely grasp the cube and continue with the subsequent steps of placing it in the box. The position deviation in X"", ""confidence"": 0.012345}",0,2
19,green_cube_in_sink,put the green cube in the sink,Reach/grasp misalignment,True,0,0,"Position deviation, misalignment during the reach for the green cube. The robot,","Position deviation, misalignment during the reach for the green cube. The robot arm did not properly align itself over the green cube, leading to an unsuccessful grasp attempt. This misalignment indicates that the end-effector was not accurately positioned, resulting in a failure to securely grasp the cube. The position deviation in the X and Y axes indicates that the end-effector was slightly off",0.0,"[0, 4, 8, 12, 17, 21, 25, 29, 33, 37, 42, 46, 50, 54, 58, 62, 67, 71, 75, 79]","{""failed"": true, ""failure_start_timestep"": 0, ""failure_end_timestep"": 1, ""failure_type"": ""Position deviation, misalignment during the reach for the green cube. The robot,"", ""explanation"": ""Position deviation, misalignment during the reach for the green cube. The robot arm did not properly align itself over the green cube, leading to an unsuccessful grasp attempt. This misalignment indicates that the end-effector was not accurately positioned, resulting in a failure to securely grasp the cube. The position deviation in the X and Y axes indicates that the end-effector was slightly off"", ""confidence"": 0.0}",0,2
20,green_cube_in_sink,put the green cube in the sink,Reach/grasp misalignment,True,0,0,"Position deviation, misalignment during the reach for the green cube. The robot,","Position deviation, misalignment during the reach for the green cube. The robot arm did not properly align itself over the green cube, leading to an unsuccessful grasp attempt. This misalignment indicates that the end-effector was not accurately positioned, resulting in a failure to securely grasp the cube. The position deviation in the X and Y axes indicates that the end-effector was slightly off",0.012562,"[0, 4, 8, 12, 17, 21, 25, 29, 33, 37, 42, 46, 50, 54, 58, 62, 67, 71, 75, 79]","{""failed"": true, ""failure_start_timestep"": 0, ""failure_end_timestep"": 1, ""failure_type"": ""Position deviation, misalignment during the reach for the green cube. The robot,"", ""explanation"": ""Position deviation, misalignment during the reach for the green cube. The robot arm did not properly align itself over the green cube, leading to an unsuccessful grasp attempt. This misalignment indicates that the end-effector was not accurately positioned, resulting in a failure to securely grasp the cube. The position deviation in the X and Y axes indicates that the end-effector was slightly off"", ""confidence"": 0.012562}",0,2
21,green_cube_in_sink,put the green cube in the sink,Reach/grasp misalignment,True,0,0,"Position deviation, misalignment during the reach for the green cube. The robot,","Position deviation, misalignment during the reach for the green cube. The robot arm did not properly align itself over the green cube, leading to an unsuccessful grasp attempt. This misalignment indicates that the end-effector was not accurately positioned, resulting in a failure to securely grasp the cube. The position deviation in the X and Y axes indicates that the end-effector was slightly off",0.012562,"[0, 4, 8, 12, 17, 21, 25, 29, 33, 37, 42, 46, 50, 54, 58, 62, 67, 71, 75, 79]","{""failed"": true, ""failure_start_timestep"": 0, ""failure_end_timestep"": 1, ""failure_type"": ""Position deviation, misalignment during the reach for the green cube. The robot,"", ""explanation"": ""Position deviation, misalignment during the reach for the green cube. The robot arm did not properly align itself over the green cube, leading to an unsuccessful grasp attempt. This misalignment indicates that the end-effector was not accurately positioned, resulting in a failure to securely grasp the cube. The position deviation in the X and Y axes indicates that the end-effector was slightly off"", ""confidence"": 0.012562}",0,2
22,green_cube_in_sink,put the green cube in the sink,Reach/grasp misalignment,True,0,0,"Position deviation, misalignment during the reach for the long block. The robot,","Position deviation, misalignment during the reach for the long block. The robot arm did not properly align itself over the light green long block, leading to an inability to grasp it accurately. This misalignment indicates that the end-effector was not positioned correctly in relation to the target object, resulting in a failure to complete the subsequent steps of lifting and stacking the block on",0.012345,"[0, 4, 8, 12, 17, 21, 25, 29, 33, 37, 42, 46, 50, 54, 58, 62, 67, 71, 75, 79]","{""failed"": true, ""failure_start_timestep"": 0, ""failure_end_timestep"": 1, ""failure_type"": ""Position deviation, misalignment during the reach for the long block. The robot,"", ""explanation"": ""Position deviation, misalignment during the reach for the long block. The robot arm did not properly align itself over the light green long block, leading to an inability to grasp it accurately. This misalignment indicates that the end-effector was not positioned correctly in relation to the target object, resulting in a failure to complete the subsequent steps of lifting and stacking the block on"", ""confidence"": 0.012345}",0,2
23,green_cube_in_sink,put the green cube in the sink,Reach/grasp misalignment,True,0,0,"Position deviation, misalignment during the reach for the green cube. The robot,","Position deviation, misalignment during the reach for the green cube. The robot arm did not properly align itself over the green cube, leading to an unsuccessful grasp attempt. This misalignment indicates that the end-effector was not accurately positioned, resulting in a failure to securely grasp the cube. The position deviation in the X and Y axes indicates that the end-effector was slightly off",0.0,"[0, 4, 8, 12, 17, 21, 25, 29, 33, 37, 42, 46, 50, 54, 58, 62, 67, 71, 75, 79]","{""failed"": true, ""failure_start_timestep"": 0, ""failure_end_timestep"": 1, ""failure_type"": ""Position deviation, misalignment during the reach for the green cube. The robot,"", ""explanation"": ""Position deviation, misalignment during the reach for the green cube. The robot arm did not properly align itself over the green cube, leading to an unsuccessful grasp attempt. This misalignment indicates that the end-effector was not accurately positioned, resulting in a failure to securely grasp the cube. The position deviation in the X and Y axes indicates that the end-effector was slightly off"", ""confidence"": 0.0}",0,2
24,green_cube_in_sink,put the green cube in the sink,Reach/grasp misalignment,True,0,0,"Position deviation, misalignment during the reach for the cube. The robot arm's ","Position deviation, misalignment during the reach for the cube. The robot arm did not properly align itself over the green cube, leading to an unsuccessful grasp attempt. This misalignment indicates that the end-effector was not accurately positioned, resulting in a failure to securely grasp the cube. The position deviation in the X and Y axes indicates that the end-effector was slightly behind (X",0.012562,"[0, 4, 8, 12, 17, 21, 25, 29, 33, 37, 42, 46, 50, 54, 58, 62, 67, 71, 75, 79]","{""failed"": true, ""failure_start_timestep"": 0, ""failure_end_timestep"": 1, ""failure_type"": ""Position deviation, misalignment during the reach for the cube. The robot arm's "", ""explanation"": ""Position deviation, misalignment during the reach for the cube. The robot arm did not properly align itself over the green cube, leading to an unsuccessful grasp attempt. This misalignment indicates that the end-effector was not accurately positioned, resulting in a failure to securely grasp the cube. The position deviation in the X and Y axes indicates that the end-effector was slightly behind (X"", ""confidence"": 0.012562}",0,2
25,green_cube_in_sink,put the green cube in the sink,Reach/grasp misalignment,True,0,0,"Position deviation, misalignment during the reach for the green cube. The robot,","Position deviation, misalignment during the reach for the green cube. The robot arm did not properly align itself over the green cube, leading to an unsuccessful grasp attempt. This misalignment indicates that the end-effector was not accurately positioned, resulting in a failure to securely grasp the cube. The position deviation in the X and Y axes indicates that the end-effector was slightly off",0.012562,"[0, 4, 8, 12, 17, 21, 25, 29, 33, 37, 42, 46, 50, 54, 58, 62, 67, 71, 75, 79]","{""failed"": true, ""failure_start_timestep"": 0, ""failure_end_timestep"": 1, ""failure_type"": ""Position deviation, misalignment during the reach for the green cube. The robot,"", ""explanation"": ""Position deviation, misalignment during the reach for the green cube. The robot arm did not properly align itself over the green cube, leading to an unsuccessful grasp attempt. This misalignment indicates that the end-effector was not accurately positioned, resulting in a failure to securely grasp the cube. The position deviation in the X and Y axes indicates that the end-effector was slightly off"", ""confidence"": 0.012562}",0,2
26,green_cube_in_sink,put the green cube in the sink,Reach/grasp misalignment,True,0,0,"Position deviation, misalignment during the reach for the cube. The robot arm's ","Position deviation, misalignment during the reach for the cube. The robot arm did not properly align itself over the green cube, leading to an unsuccessful grasp attempt. This misalignment indicates that the end-effector was not accurately positioned, resulting in a failure to securely grasp the cube. The position deviation in the X and Y axes indicates that the end-effector was slightly behind (X",0.012562,"[0, 4, 8, 12, 17, 21, 25, 29, 33, 37, 42, 46, 50, 54, 58, 62, 67, 71, 75, 79]","{""failed"": true, ""failure_start_timestep"": 0, ""failure_end_timestep"": 1, ""failure_type"": ""Position deviation, misalignment during the reach for the cube. The robot arm's "", ""explanation"": ""Position deviation, misalignment during the reach for the cube. The robot arm did not properly align itself over the green cube, leading to an unsuccessful grasp attempt. This misalignment indicates that the end-effector was not accurately positioned, resulting in a failure to securely grasp the cube. The position deviation in the X and Y axes indicates that the end-effector was slightly behind (X"", ""confidence"": 0.012562}",0,2
27,green_cube_in_sink,put the green cube in the sink,Reach/grasp misalignment,True,0,0,"Position deviation, misalignment during the reach for the green cube. The robot,","Position deviation, misalignment during the reach for the green cube. The robot arm did not properly align itself over the green cube, leading to an unsuccessful grasp attempt. This misalignment indicates that the end-effector was not accurately positioned, resulting in a failure to securely grasp the cube. The position deviation in the X and Y axes indicates that the end-effector was slightly off",0.0,"[0, 4, 8, 12, 17, 21, 25, 29, 33, 37, 42, 46, 50, 54, 58, 62, 67, 71, 75, 79]","{""failed"": true, ""failure_start_timestep"": 0, ""failure_end_timestep"": 1, ""failure_type"": ""Position deviation, misalignment during the reach for the green cube. The robot,"", ""explanation"": ""Position deviation, misalignment during the reach for the green cube. The robot arm did not properly align itself over the green cube, leading to an unsuccessful grasp attempt. This misalignment indicates that the end-effector was not accurately positioned, resulting in a failure to securely grasp the cube. The position deviation in the X and Y axes indicates that the end-effector was slightly off"", ""confidence"": 0.0}",0,2
28,green_cube_in_sink,put the green cube in the sink,Reach/grasp misalignment,True,0,0,"Position deviation, alignment error during the grasping stage. The robot arm's L","Position deviation, alignment error during the grasping stage. The robot arm's end-effector was not properly aligned with the green cube, leading to an unsuccessful grasp. This misalignment indicates that the robot's approach trajectory did not accurately position itself over the green cube, resulting in a failure to securely grasp it. The position deviation in the X and Y axes indicates that theL",0.012345,"[0, 4, 8, 12, 17, 21, 25, 29, 33, 37, 42, 46, 50, 54, 58, 62, 67, 71, 75, 79]","{""failed"": true, ""failure_start_timestep"": 0, ""failure_end_timestep"": 1, ""failure_type"": ""Position deviation, alignment error during the grasping stage. The robot arm's L"", ""explanation"": ""Position deviation, alignment error during the grasping stage. The robot arm's end-effector was not properly aligned with the green cube, leading to an unsuccessful grasp. This misalignment indicates that the robot's approach trajectory did not accurately position itself over the green cube, resulting in a failure to securely grasp it. The position deviation in the X and Y axes indicates that theL"", ""confidence"": 0.012345}",0,2
29,green_cube_in_sink,put the green cube in the sink,Reach/grasp misalignment,True,0,0,"Position deviation, misalignment during the reach for the green cube. The robot,","Position deviation, misalignment during the reach for the green cube. The robot arm did not properly align itself over the green cube, leading to an unsuccessful grasp attempt. This misalignment indicates that the end-effector was not accurately positioned, resulting in a failure to securely grasp the cube. The position deviation in the X and Y axes indicates that the end-effector was slightly off",0.0,"[0, 4, 8, 12, 17, 21, 25, 29, 33, 37, 42, 46, 50, 54, 58, 62, 67, 71, 75, 79]","{""failed"": true, ""failure_start_timestep"": 0, ""failure_end_timestep"": 1, ""failure_type"": ""Position deviation, misalignment during the reach for the green cube. The robot,"", ""explanation"": ""Position deviation, misalignment during the reach for the green cube. The robot arm did not properly align itself over the green cube, leading to an unsuccessful grasp attempt. This misalignment indicates that the end-effector was not accurately positioned, resulting in a failure to securely grasp the cube. The position deviation in the X and Y axes indicates that the end-effector was slightly off"", ""confidence"": 0.0}",0,2
30,green_cube_in_sink,put the green cube in the sink,Reach/grasp misalignment,True,0,0,"Position deviation, misalignment during the reach for the green cube. The robot,","Position deviation, misalignment during the reach for the green cube. The robot arm did not properly align itself over the green cube, leading to an unsuccessful grasp attempt. This misalignment indicates that the end-effector was not accurately positioned, resulting in a failure to securely grasp the cube. The position deviation in the X and Y axes indicates that the end-effector was slightly off",0.0,"[0, 4, 8, 12, 17, 21, 25, 29, 33, 37, 42, 46, 50, 54, 58, 62, 67, 71, 75, 79]","{""failed"": true, ""failure_start_timestep"": 0, ""failure_end_timestep"": 1, ""failure_type"": ""Position deviation, misalignment during the reach for the green cube. The robot,"", ""explanation"": ""Position deviation, misalignment during the reach for the green cube. The robot arm did not properly align itself over the green cube, leading to an unsuccessful grasp attempt. This misalignment indicates that the end-effector was not accurately positioned, resulting in a failure to securely grasp the cube. The position deviation in the X and Y axes indicates that the end-effector was slightly off"", ""confidence"": 0.0}",0,2
31,green_cube_in_sink,put the green cube in the sink,Reach/grasp misalignment,True,0,0,"Position deviation, misalignment during the reach for the green cube. The robot,","Position deviation, misalignment during the reach for the green cube. The robot arm did not properly align itself over the green cube, leading to an unsuccessful grasp attempt. This misalignment indicates that the end-effector was not accurately positioned, resulting in a failure to securely grasp the cube. The position deviation in the X and Y axes indicates that the end-effector was slightly off",0.0,"[0, 4, 8, 12, 17, 21, 25, 29, 33, 37, 42, 46, 50, 54, 58, 62, 67, 71, 75, 79]","{""failed"": true, ""failure_start_timestep"": 0, ""failure_end_timestep"": 1, ""failure_type"": ""Position deviation, misalignment during the reach for the green cube. The robot,"", ""explanation"": ""Position deviation, misalignment during the reach for the green cube. The robot arm did not properly align itself over the green cube, leading to an unsuccessful grasp attempt. This misalignment indicates that the end-effector was not accurately positioned, resulting in a failure to securely grasp the cube. The position deviation in the X and Y axes indicates that the end-effector was slightly off"", ""confidence"": 0.0}",0,2
32,green_cube_in_sink,put the green cube in the sink,Reach/grasp misalignment,True,0,0,"Position deviation, misalignment during the reach for the green cube. The robot,","Position deviation, misalignment during the reach for the green cube. The robot arm did not properly align itself over the green cube, leading to an unsuccessful grasp attempt. This misalignment indicates that the end-effector was not accurately positioned, resulting in a failure to securely grasp the cube and continue with the subsequent steps of placing it in the safe. The position deviation in ",0.012578,"[0, 4, 8, 12, 17, 21, 25, 29, 33, 37, 42, 46, 50, 54, 58, 62, 67, 71, 75, 79]","{""failed"": true, ""failure_start_timestep"": 0, ""failure_end_timestep"": 1, ""failure_type"": ""Position deviation, misalignment during the reach for the green cube. The robot,"", ""explanation"": ""Position deviation, misalignment during the reach for the green cube. The robot arm did not properly align itself over the green cube, leading to an unsuccessful grasp attempt. This misalignment indicates that the end-effector was not accurately positioned, resulting in a failure to securely grasp the cube and continue with the subsequent steps of placing it in the safe. The position deviation in "", ""confidence"": 0.012578}",0,2
33,green_cube_in_sink,put the green cube in the sink,Reach/grasp misalignment,True,0,0,"Position deviation, misalignment during the reach for the cube. The robot arm's ","Position deviation, misalignment during the reach for the cube. The robot arm did not properly align itself over the green cube, leading to an unsuccessful grasp attempt. This misalignment indicates that the end-effector was not accurately positioned, resulting in a failure to securely grasp the cube. The position deviation in the X and Y axes indicates that the end-effector was slightly behind (X",0.012578,"[0, 4, 8, 12, 17, 21, 25, 29, 33, 37, 42, 46, 50, 54, 58, 62, 67, 71, 75, 79]","{""failed"": true, ""failure_start_timestep"": 0, ""failure_end_timestep"": 1, ""failure_type"": ""Position deviation, misalignment during the reach for the cube. The robot arm's "", ""explanation"": ""Position deviation, misalignment during the reach for the cube. The robot arm did not properly align itself over the green cube, leading to an unsuccessful grasp attempt. This misalignment indicates that the end-effector was not accurately positioned, resulting in a failure to securely grasp the cube. The position deviation in the X and Y axes indicates that the end-effector was slightly behind (X"", ""confidence"": 0.012578}",0,2
34,green_cube_in_sink,put the green cube in the sink,Reach/grasp misalignment,True,0,0,"Position deviation, misalignment during the reach for the green cube. The robot,","Position deviation, misalignment during the reach for the green cube. The robot arm did not properly align itself over the green cube, leading to an unsuccessful grasp attempt. This misalignment indicates that the end-effector was not accurately positioned, resulting in a failure to securely grasp the cube and continue with the subsequent steps of the task. The position deviation in the X-axis, Y,",0.012345,"[0, 4, 8, 12, 17, 21, 25, 29, 33, 37, 42, 46, 50, 54, 58, 62, 67, 71, 75, 79]","{""failed"": true, ""failure_start_timestep"": 0, ""failure_end_timestep"": 1, ""failure_type"": ""Position deviation, misalignment during the reach for the green cube. The robot,"", ""explanation"": ""Position deviation, misalignment during the reach for the green cube. The robot arm did not properly align itself over the green cube, leading to an unsuccessful grasp attempt. This misalignment indicates that the end-effector was not accurately positioned, resulting in a failure to securely grasp the cube and continue with the subsequent steps of the task. The position deviation in the X-axis, Y,"", ""confidence"": 0.012345}",0,2
35,green_cube_in_sink,put the green cube in the sink,Reach/grasp misalignment,True,0,0,"Position deviation, misalignment during the reach for the long block. The robot,","Position deviation, misalignment during the reach for the long block. The robot arm did not properly align itself over the long block, leading to an inability to grasp it accurately. This misalignment indicates that the end-effector was not positioned correctly in relation to the target object, resulting in a suboptimal grip that could lead to dropping the block in subsequent steps. Such position,",0.012345,"[0, 4, 8, 12, 17, 21, 25, 29, 33, 37, 42, 46, 50, 54, 58, 62, 67, 71, 75, 79]","{""failed"": true, ""failure_start_timestep"": 0, ""failure_end_timestep"": 1, ""failure_type"": ""Position deviation, misalignment during the reach for the long block. The robot,"", ""explanation"": ""Position deviation, misalignment during the reach for the long block. The robot arm did not properly align itself over the long block, leading to an inability to grasp it accurately. This misalignment indicates that the end-effector was not positioned correctly in relation to the target object, resulting in a suboptimal grip that could lead to dropping the block in subsequent steps. Such position,"", ""confidence"": 0.012345}",0,2
36,green_cube_in_sink,put the green cube in the sink,Reach/grasp misalignment,True,0,0,"Position deviation, alignment error during the grasping stage. The robot arm did","Position deviation, alignment error during the grasping stage. The robot arm did not reach the correct position to successfully grasp the green cube. This misalignment resulted in the end-effector being off-target, preventing it from securely holding the cube and leading to the failure of the task. The position deviation indicates that the end-effector was not properly aligned with the green cube,",0.0,"[0, 4, 8, 12, 17, 21, 25, 29, 33, 37, 42, 46, 50, 54, 58, 62, 67, 71, 75, 79]","{""failed"": true, ""failure_start_timestep"": 0, ""failure_end_timestep"": 1, ""failure_type"": ""Position deviation, alignment error during the grasping stage. The robot arm did"", ""explanation"": ""Position deviation, alignment error during the grasping stage. The robot arm did not reach the correct position to successfully grasp the green cube. This misalignment resulted in the end-effector being off-target, preventing it from securely holding the cube and leading to the failure of the task. The position deviation indicates that the end-effector was not properly aligned with the green cube,"", ""confidence"": 0.0}",0,2
37,green_cube_in_sink,put the green cube in the sink,Reach/grasp misalignment,True,0,0,"Position deviation, misalignment during the reach for the long block. The robot,","Position deviation, misalignment during the reach for the long block. The robot arm did not properly align itself over the long block, leading to an inability to grasp it accurately. This misalignment indicates that the end-effector was not positioned correctly in relation to the target object, resulting in a failure to complete the subsequent steps of the task. The robot's inability to accurately",0.012345,"[0, 4, 8, 12, 17, 21, 25, 29, 33, 37, 42, 46, 50, 54, 58, 62, 67, 71, 75, 79]","{""failed"": true, ""failure_start_timestep"": 0, ""failure_end_timestep"": 1, ""failure_type"": ""Position deviation, misalignment during the reach for the long block. The robot,"", ""explanation"": ""Position deviation, misalignment during the reach for the long block. The robot arm did not properly align itself over the long block, leading to an inability to grasp it accurately. This misalignment indicates that the end-effector was not positioned correctly in relation to the target object, resulting in a failure to complete the subsequent steps of the task. The robot's inability to accurately"", ""confidence"": 0.012345}",0,2
38,green_cube_in_sink,put the green cube in the sink,Reach/grasp misalignment,True,0,0,"Position deviation, misalignment during the reach for the green cube. The robot,","Position deviation, misalignment during the reach for the green cube. The robot arm did not properly align itself over the green cube, leading to an unsuccessful grasp attempt. This misalignment indicates that the end-effector was not accurately positioned, resulting in a failure to securely grasp the cube. The position deviation in the X and Y axes indicates that the end-effector was slightly off",0.0,"[0, 4, 8, 12, 17, 21, 25, 29, 33, 37, 42, 46, 50, 54, 58, 62, 67, 71, 75, 79]","{""failed"": true, ""failure_start_timestep"": 0, ""failure_end_timestep"": 1, ""failure_type"": ""Position deviation, misalignment during the reach for the green cube. The robot,"", ""explanation"": ""Position deviation, misalignment during the reach for the green cube. The robot arm did not properly align itself over the green cube, leading to an unsuccessful grasp attempt. This misalignment indicates that the end-effector was not accurately positioned, resulting in a failure to securely grasp the cube. The position deviation in the X and Y axes indicates that the end-effector was slightly off"", ""confidence"": 0.0}",0,2
39,green_cube_in_sink,put the green cube in the sink,Reach/grasp misalignment,True,0,0,"Position deviation, misalignment during the reach for the cube. The robot arm's ","Position deviation, misalignment during the reach for the cube. The robot arm did not properly align itself over the green cube, leading to an unsuccessful grasp attempt. This misalignment indicates that the end-effector was not accurately positioned, resulting in a failure to securely grasp the cube. The position deviation in the X and Y axes indicates that the end-effector was slightly behind (X",0.012562,"[0, 4, 8, 12, 17, 21, 25, 29, 33, 37, 42, 46, 50, 54, 58, 62, 67, 71, 75, 79]","{""failed"": true, ""failure_start_timestep"": 0, ""failure_end_timestep"": 1, ""failure_type"": ""Position deviation, misalignment during the reach for the cube. The robot arm's "", ""explanation"": ""Position deviation, misalignment during the reach for the cube. The robot arm did not properly align itself over the green cube, leading to an unsuccessful grasp attempt. This misalignment indicates that the end-effector was not accurately positioned, resulting in a failure to securely grasp the cube. The position deviation in the X and Y axes indicates that the end-effector was slightly behind (X"", ""confidence"": 0.012562}",0,2
40,green_cube_in_sink,put the green cube in the sink,Reach/grasp misalignment,True,0,0,"Position deviation, misalignment during the reach for the green cube. The robot,","Position deviation, misalignment during the reach for the green cube. The robot arm did not properly align itself over the green cube, leading to an unsuccessful grasp attempt. This misalignment indicates that the end-effector was not accurately positioned, resulting in a failure to securely grasp the cube. The position deviation in the X and Y axes indicates that the end-effector was slightly off",0.012345,"[0, 4, 8, 12, 17, 21, 25, 29, 33, 37, 42, 46, 50, 54, 58, 62, 67, 71, 75, 79]","{""failed"": true, ""failure_start_timestep"": 0, ""failure_end_timestep"": 1, ""failure_type"": ""Position deviation, misalignment during the reach for the green cube. The robot,"", ""explanation"": ""Position deviation, misalignment during the reach for the green cube. The robot arm did not properly align itself over the green cube, leading to an unsuccessful grasp attempt. This misalignment indicates that the end-effector was not accurately positioned, resulting in a failure to securely grasp the cube. The position deviation in the X and Y axes indicates that the end-effector was slightly off"", ""confidence"": 0.012345}",0,2
41,green_cube_in_sink,put the green cube in the sink,Reach/grasp misalignment,True,0,0,"Position deviation, misalignment during the reach for the cube. The robot arm's ","Position deviation, misalignment during the reach for the cube. The robot arm did not properly align itself over the green cube, leading to an unsuccessful grasp attempt. This misalignment indicates that the end-effector was not accurately positioned, resulting in a failure to securely grasp the cube. The position deviation in the X and Y axes indicates that the end-effector was slightly behind (X",0.012562,"[0, 4, 8, 12, 17, 21, 25, 29, 33, 37, 42, 46, 50, 54, 58, 62, 67, 71, 75, 79]","{""failed"": true, ""failure_start_timestep"": 0, ""failure_end_timestep"": 1, ""failure_type"": ""Position deviation, misalignment during the reach for the cube. The robot arm's "", ""explanation"": ""Position deviation, misalignment during the reach for the cube. The robot arm did not properly align itself over the green cube, leading to an unsuccessful grasp attempt. This misalignment indicates that the end-effector was not accurately positioned, resulting in a failure to securely grasp the cube. The position deviation in the X and Y axes indicates that the end-effector was slightly behind (X"", ""confidence"": 0.012562}",0,2
42,green_cube_in_sink,put the green cube in the sink,Reach/grasp misalignment,True,0,0,"Position deviation, alignment error during the grasping stage. The robot arm did","Position deviation, alignment error during the grasping stage. The robot arm did not properly align itself over the green cube, leading to an unsuccessful grasp attempt. This misalignment indicates that the end-effector was not accurately positioned above the target object, resulting in a failure to securely grasp it. The position deviation in the X and Y axes indicates that the end-effector was a",0.0,"[0, 4, 8, 12, 17, 21, 25, 29, 33, 37, 42, 46, 50, 54, 58, 62, 67, 71, 75, 79]","{""failed"": true, ""failure_start_timestep"": 0, ""failure_end_timestep"": 1, ""failure_type"": ""Position deviation, alignment error during the grasping stage. The robot arm did"", ""explanation"": ""Position deviation, alignment error during the grasping stage. The robot arm did not properly align itself over the green cube, leading to an unsuccessful grasp attempt. This misalignment indicates that the end-effector was not accurately positioned above the target object, resulting in a failure to securely grasp it. The position deviation in the X and Y axes indicates that the end-effector was a"", ""confidence"": 0.0}",0,2
43,green_cube_in_sink,put the green cube in the sink,Reach/grasp misalignment,True,0,0,"Position deviation, misalignment during the reach for the green cube. The robot,","Position deviation, misalignment during the reach for the green cube. The robot arm did not properly align itself over the green cube, leading to an unsuccessful grasp attempt. This misalignment indicates that the end-effector was not accurately positioned, resulting in a failure to securely grasp the cube and continue with the subsequent steps of placing it in the box. The position deviation in X",0.012345,"[0, 4, 8, 12, 17, 21, 25, 29, 33, 37, 42, 46, 50, 54, 58, 62, 67, 71, 75, 79]","{""failed"": true, ""failure_start_timestep"": 0, ""failure_end_timestep"": 1, ""failure_type"": ""Position deviation, misalignment during the reach for the green cube. The robot,"", ""explanation"": ""Position deviation, misalignment during the reach for the green cube. The robot arm did not properly align itself over the green cube, leading to an unsuccessful grasp attempt. This misalignment indicates that the end-effector was not accurately positioned, resulting in a failure to securely grasp the cube and continue with the subsequent steps of placing it in the box. The position deviation in X"", ""confidence"": 0.012345}",0,2
44,green_cube_in_sink,put the green cube in the sink,Reach/grasp misalignment,True,0,0,"Position deviation, misalignment during the reach for the green cube. The robot,","Position deviation, misalignment during the reach for the green cube. The robot arm did not properly align itself over the green cube, leading to an unsuccessful grasp attempt. This misalignment indicates that the end-effector was not accurately positioned, resulting in a failure to securely grasp the cube. The position deviation in the X and Y axes indicates that the end-effector was slightly off",0.012562,"[0, 4, 8, 12, 17, 21, 25, 29, 33, 37, 42, 46, 50, 54, 58, 62, 67, 71, 75, 79]","{""failed"": true, ""failure_start_timestep"": 0, ""failure_end_timestep"": 1, ""failure_type"": ""Position deviation, misalignment during the reach for the green cube. The robot,"", ""explanation"": ""Position deviation, misalignment during the reach for the green cube. The robot arm did not properly align itself over the green cube, leading to an unsuccessful grasp attempt. This misalignment indicates that the end-effector was not accurately positioned, resulting in a failure to securely grasp the cube. The position deviation in the X and Y axes indicates that the end-effector was slightly off"", ""confidence"": 0.012562}",0,2
45,green_cube_in_sink,put the green cube in the sink,Reach/grasp misalignment,True,0,0,"Position deviation, misalignment during the reach for the green cube. The robot,","Position deviation, misalignment during the reach for the green cube. The robot arm did not properly align itself over the green cube, leading to an unsuccessful grasp attempt. This misalignment indicates that the end-effector was not accurately positioned, resulting in a failure to securely grasp the cube. The position deviation in the X and Y axes indicates that the end-effector was slightly off",0.012562,"[0, 4, 8, 12, 17, 21, 25, 29, 33, 37, 42, 46, 50, 54, 58, 62, 67, 71, 75, 79]","{""failed"": true, ""failure_start_timestep"": 0, ""failure_end_timestep"": 1, ""failure_type"": ""Position deviation, misalignment during the reach for the green cube. The robot,"", ""explanation"": ""Position deviation, misalignment during the reach for the green cube. The robot arm did not properly align itself over the green cube, leading to an unsuccessful grasp attempt. This misalignment indicates that the end-effector was not accurately positioned, resulting in a failure to securely grasp the cube. The position deviation in the X and Y axes indicates that the end-effector was slightly off"", ""confidence"": 0.012562}",0,2
46,green_cube_in_sink,put the green cube in the sink,Reach/grasp misalignment,True,0,0,"Position deviation, misalignment during the reach for the long block. The robot,","Position deviation, misalignment during the reach for the long block. The robot arm did not properly align itself over the light green long block, leading to an inability to grasp it accurately. This misalignment indicates that the end-effector was not positioned correctly in relation to the target object, resulting in a failure to complete the subsequent steps of lifting and stacking the block on",0.012345,"[0, 4, 8, 12, 17, 21, 25, 29, 33, 37, 42, 46, 50, 54, 58, 62, 67, 71, 75, 79]","{""failed"": true, ""failure_start_timestep"": 0, ""failure_end_timestep"": 1, ""failure_type"": ""Position deviation, misalignment during the reach for the long block. The robot,"", ""explanation"": ""Position deviation, misalignment during the reach for the long block. The robot arm did not properly align itself over the light green long block, leading to an inability to grasp it accurately. This misalignment indicates that the end-effector was not positioned correctly in relation to the target object, resulting in a failure to complete the subsequent steps of lifting and stacking the block on"", ""confidence"": 0.012345}",0,2
47,green_cube_in_sink,put the green cube in the sink,Reach/grasp misalignment,True,0,0,"Position deviation, misalignment during the reach for the green cube. The robot,","Position deviation, misalignment during the reach for the green cube. The robot arm did not properly align itself over the green cube, leading to an unsuccessful grasp attempt. This misalignment indicates that the end-effector was not accurately positioned, resulting in a failure to securely grasp the cube. The position deviation in the X and Y axes indicates that the end-effector was slightly off",0.012562,"[0, 4, 8, 12, 17, 21, 25, 29, 33, 37, 42, 46, 50, 54, 58, 62, 67, 71, 75, 79]","{""failed"": true, ""failure_start_timestep"": 0, ""failure_end_timestep"": 1, ""failure_type"": ""Position deviation, misalignment during the reach for the green cube. The robot,"", ""explanation"": ""Position deviation, misalignment during the reach for the green cube. The robot arm did not properly align itself over the green cube, leading to an unsuccessful grasp attempt. This misalignment indicates that the end-effector was not accurately positioned, resulting in a failure to securely grasp the cube. The position deviation in the X and Y axes indicates that the end-effector was slightly off"", ""confidence"": 0.012562}",0,2
48,green_cube_in_sink,put the green cube in the sink,Reach/grasp misalignment,True,0,0,"Position deviation, alignment with the target position of the green cube. The L-",,0.0,"[0, 4, 8, 12, 17, 21, 25, 29, 33, 37, 42, 46, 50, 54, 58, 62, 67, 71, 75, 79]","{""failed"": true, ""failure_start_timestep"": 0, ""failure_end_timestep"": 1, ""failure_type"": ""Position deviation, alignment with the target position of the green cube. The L-"", ""explanation"": """", ""confidence"": 0.0}",0,2
49,green_cube_in_sink,put the green cube in the sink,Reach/grasp misalignment,True,0,0,"Position deviation, misalignment during the reach for the green cube. The robot,","Position deviation, misalignment during the reach for the green cube. The robot arm did not properly align itself over the green cube, leading to an unsuccessful grasp attempt. This misalignment indicates that the end-effector was not accurately positioned, resulting in a failure to securely grasp the cube. The position deviation in the X and Y axes indicates that the end-effector was slightly off",0.0,"[0, 4, 8, 12, 17, 21, 25, 29, 33, 37, 42, 46, 50, 54, 58, 62, 67, 71, 75, 79]","{""failed"": true, ""failure_start_timestep"": 0, ""failure_end_timestep"": 1, ""failure_type"": ""Position deviation, misalignment during the reach for the green cube. The robot,"", ""explanation"": ""Position deviation, misalignment during the reach for the green cube. The robot arm did not properly align itself over the green cube, leading to an unsuccessful grasp attempt. This misalignment indicates that the end-effector was not accurately positioned, resulting in a failure to securely grasp the cube. The position deviation in the X and Y axes indicates that the end-effector was slightly off"", ""confidence"": 0.0}",0,2
50,green_cube_in_sink,put the green cube in the sink,Reach/grasp misalignment,True,0,0,"Position deviation, misalignment during the reach for the green cube. The robot,","Position deviation, misalignment during the reach for the green cube. The robot arm did not properly align itself over the green cube, leading to an unsuccessful grasp attempt. This misalignment indicates that the end-effector was not accurately positioned, resulting in a failure to securely grasp the cube and continue with the subsequent steps of placing it in the safe. The position deviation in ",0.012578,"[0, 4, 8, 12, 17, 21, 25, 29, 33, 37, 42, 46, 50, 54, 58, 62, 67, 71, 75, 79]","{""failed"": true, ""failure_start_timestep"": 0, ""failure_end_timestep"": 1, ""failure_type"": ""Position deviation, misalignment during the reach for the green cube. The robot,"", ""explanation"": ""Position deviation, misalignment during the reach for the green cube. The robot arm did not properly align itself over the green cube, leading to an unsuccessful grasp attempt. This misalignment indicates that the end-effector was not accurately positioned, resulting in a failure to securely grasp the cube and continue with the subsequent steps of placing it in the safe. The position deviation in "", ""confidence"": 0.012578}",0,2
51,carrot_in_sink,put the carrot in the sink,Reach/grasp misalignment,True,0,0,"Position deviation, misalignment during the reach for the cup. The robot arm did","Position deviation, misalignment during the reach for the cup. The robot arm did not properly align itself over the cup, leading to an unsuccessful grasp attempt. This misalignment indicates that the end-effector was not accurately positioned, which is crucial for successful manipulation tasks. As a result, the robot could not grasp the cup securely, preventing it from completing the subsequent 'L",0.012345,"[0, 4, 8, 12, 17, 21, 25, 29, 33, 37, 42, 46, 50, 54, 58, 62, 67, 71, 75, 79]","{""failed"": true, ""failure_start_timestep"": 0, ""failure_end_timestep"": 1, ""failure_type"": ""Position deviation, misalignment during the reach for the cup. The robot arm did"", ""explanation"": ""Position deviation, misalignment during the reach for the cup. The robot arm did not properly align itself over the cup, leading to an unsuccessful grasp attempt. This misalignment indicates that the end-effector was not accurately positioned, which is crucial for successful manipulation tasks. As a result, the robot could not grasp the cup securely, preventing it from completing the subsequent 'L"", ""confidence"": 0.012345}",0,2
52,carrot_in_sink,put the carrot in the sink,Reach/grasp misalignment,True,0,0,"Position deviation, misalignment during the reach for the cup. The robot arm did","Position deviation, misalignment during the reach for the cup. The robot arm did not properly align itself over the cup, leading to an unsuccessful grasp attempt. This misalignment indicates that the end-effector was not accurately positioned, which is crucial for successful manipulation tasks. As a result, the robot could not grasp the cup securely, preventing it from completing the subsequent 'L",0.012345,"[0, 4, 8, 12, 17, 21, 25, 29, 33, 37, 42, 46, 50, 54, 58, 62, 67, 71, 75, 79]","{""failed"": true, ""failure_start_timestep"": 0, ""failure_end_timestep"": 1, ""failure_type"": ""Position deviation, misalignment during the reach for the cup. The robot arm did"", ""explanation"": ""Position deviation, misalignment during the reach for the cup. The robot arm did not properly align itself over the cup, leading to an unsuccessful grasp attempt. This misalignment indicates that the end-effector was not accurately positioned, which is crucial for successful manipulation tasks. As a result, the robot could not grasp the cup securely, preventing it from completing the subsequent 'L"", ""confidence"": 0.012345}",0,2
53,carrot_in_sink,put the carrot in the sink,Missing failure type,True,0,0,,,0.0,"[0, 4, 8, 12, 17, 21, 25, 29, 33, 37, 42, 46, 50, 54, 58, 62, 67, 71, 75, 79]","{""failed"": true, ""failure_start_timestep"": 0, ""failure_end_timestep"": 1, ""failure_type"": """", ""explanation"": """", ""confidence"": 0.0}",0,2
54,carrot_in_sink,put the carrot in the sink,Reach/grasp misalignment,True,0,0,"Position deviation, misalignment during the reach for the cup. The robot arm did","Position deviation, misalignment during the reach for the cup. The robot arm did not properly align itself over the cup, leading to an unsuccessful grasp attempt. This misalignment indicates that the end-effector was not accurately positioned, which is crucial for successful manipulation tasks. As a result, the robot could not grasp the cup securely, preventing it from completing the subsequent 'L",0.012345,"[0, 4, 8, 12, 17, 21, 25, 29, 33, 37, 42, 46, 50, 54, 58, 62, 67, 71, 75, 79]","{""failed"": true, ""failure_start_timestep"": 0, ""failure_end_timestep"": 1, ""failure_type"": ""Position deviation, misalignment during the reach for the cup. The robot arm did"", ""explanation"": ""Position deviation, misalignment during the reach for the cup. The robot arm did not properly align itself over the cup, leading to an unsuccessful grasp attempt. This misalignment indicates that the end-effector was not accurately positioned, which is crucial for successful manipulation tasks. As a result, the robot could not grasp the cup securely, preventing it from completing the subsequent 'L"", ""confidence"": 0.012345}",0,2
55,carrot_in_sink,put the carrot in the sink,Reach/grasp misalignment,True,0,0,"Position deviation, misalignment during the reach for the cup. The robot arm did","Position deviation, misalignment during the reach for the cup. The robot arm did not properly align itself over the cup, leading to an unsuccessful grasp attempt. This misalignment indicates that the end-effector was not accurately positioned, which is crucial for successful manipulation tasks. As a result, the robot could not grasp the cup securely, preventing it from completing the subsequent 'L",0.012345,"[0, 4, 8, 12, 17, 21, 25, 29, 33, 37, 42, 46, 50, 54, 58, 62, 67, 71, 75, 79]","{""failed"": true, ""failure_start_timestep"": 0, ""failure_end_timestep"": 1, ""failure_type"": ""Position deviation, misalignment during the reach for the cup. The robot arm did"", ""explanation"": ""Position deviation, misalignment during the reach for the cup. The robot arm did not properly align itself over the cup, leading to an unsuccessful grasp attempt. This misalignment indicates that the end-effector was not accurately positioned, which is crucial for successful manipulation tasks. As a result, the robot could not grasp the cup securely, preventing it from completing the subsequent 'L"", ""confidence"": 0.012345}",0,2
56,carrot_in_sink,put the carrot in the sink,Reach/grasp misalignment,True,0,0,"Position deviation, misalignment during the reach for the cup stage. The robot's","Position deviation, misalignment during the reach for the cup stage. The robot arm did not properly align itself over the cup, leading to an unsuccessful grasp attempt. This misalignment indicates that the end-effector was not accurately positioned, which is crucial for successful manipulation tasks. As a result, the robot could not securely grasp the cup, preventing it from completing the task of",0.0,"[0, 4, 8, 12, 17, 21, 25, 29, 33, 37, 42, 46, 50, 54, 58, 62, 67, 71, 75, 79]","{""failed"": true, ""failure_start_timestep"": 0, ""failure_end_timestep"": 1, ""failure_type"": ""Position deviation, misalignment during the reach for the cup stage. The robot's"", ""explanation"": ""Position deviation, misalignment during the reach for the cup stage. The robot arm did not properly align itself over the cup, leading to an unsuccessful grasp attempt. This misalignment indicates that the end-effector was not accurately positioned, which is crucial for successful manipulation tasks. As a result, the robot could not securely grasp the cup, preventing it from completing the task of"", ""confidence"": 0.0}",0,2
57,carrot_in_sink,put the carrot in the sink,Reach/grasp misalignment,True,0,0,"Position deviation, misalignment during the reach for the cup stage. The robot's","Position deviation, misalignment during the reach for the cup stage. The robot arm did not properly align itself over the cup, leading to an unsuccessful grasp attempt. This misalignment indicates that the end-effector was not accurately positioned, which is crucial for successful manipulation tasks. As a result, the robot could not securely grasp the cup, preventing it from completing the task of",0.0,"[0, 4, 8, 12, 17, 21, 25, 29, 33, 37, 42, 46, 50, 54, 58, 62, 67, 71, 75, 79]","{""failed"": true, ""failure_start_timestep"": 0, ""failure_end_timestep"": 1, ""failure_type"": ""Position deviation, misalignment during the reach for the cup stage. The robot's"", ""explanation"": ""Position deviation, misalignment during the reach for the cup stage. The robot arm did not properly align itself over the cup, leading to an unsuccessful grasp attempt. This misalignment indicates that the end-effector was not accurately positioned, which is crucial for successful manipulation tasks. As a result, the robot could not securely grasp the cup, preventing it from completing the task of"", ""confidence"": 0.0}",0,2
58,carrot_in_sink,put the carrot in the sink,Reach/grasp misalignment,True,0,0,"Position deviation, misalignment during the reach for the orange. The robot arm,","Position deviation, misalignment during the reach for the orange. The robot arm did not properly align itself over the orange, leading to an unsuccessful grasp attempt. This misalignment indicates that the end-effector was not accurately positioned, resulting in a failure to securely grasp the object. The position deviation in the X and Y axes indicates that the end-effector was slightly behind (X",0.012562,"[0, 4, 8, 12, 17, 21, 25, 29, 33, 37, 42, 46, 50, 54, 58, 62, 67, 71, 75, 79]","{""failed"": true, ""failure_start_timestep"": 0, ""failure_end_timestep"": 1, ""failure_type"": ""Position deviation, misalignment during the reach for the orange. The robot arm,"", ""explanation"": ""Position deviation, misalignment during the reach for the orange. The robot arm did not properly align itself over the orange, leading to an unsuccessful grasp attempt. This misalignment indicates that the end-effector was not accurately positioned, resulting in a failure to securely grasp the object. The position deviation in the X and Y axes indicates that the end-effector was slightly behind (X"", ""confidence"": 0.012562}",0,2
60,carrot_in_sink,put the carrot in the sink,Reach/grasp misalignment,True,0,0,"Position deviation, misalignment during the reach for the cup. The robot arm did","Position deviation, misalignment during the reach for the cup. The robot arm did not properly align itself over the cup, leading to an unsuccessful grasp attempt. This misalignment indicates that the end-effector was not accurately positioned, which is crucial for successful manipulation tasks. As a result, the robot could not grasp the cup securely, preventing it from completing the subsequent 'L",0.012345,"[0, 4, 8, 12, 17, 21, 25, 29, 33, 37, 42, 46, 50, 54, 58, 62, 67, 71, 75, 79]","{""failed"": true, ""failure_start_timestep"": 0, ""failure_end_timestep"": 1, ""failure_type"": ""Position deviation, misalignment during the reach for the cup. The robot arm did"", ""explanation"": ""Position deviation, misalignment during the reach for the cup. The robot arm did not properly align itself over the cup, leading to an unsuccessful grasp attempt. This misalignment indicates that the end-effector was not accurately positioned, which is crucial for successful manipulation tasks. As a result, the robot could not grasp the cup securely, preventing it from completing the subsequent 'L"", ""confidence"": 0.012345}",0,2
61,carrot_in_sink,put the carrot in the sink,Reach/grasp misalignment,True,0,0,"Position deviation, misalignment during the reach for the orange. The robot arm,","Position deviation, misalignment during the reach for the orange. The robot arm did not properly align itself over the orange, leading to an unsuccessful grasp attempt. This misalignment indicates that the end-effector was not accurately positioned, resulting in a failure to securely grasp the object. The position deviation in the X and Y axes indicates that the end-effector was slightly behind (X",0.012562,"[0, 4, 8, 12, 17, 21, 25, 29, 33, 37, 42, 46, 50, 54, 58, 62, 67, 71, 75, 79]","{""failed"": true, ""failure_start_timestep"": 0, ""failure_end_timestep"": 1, ""failure_type"": ""Position deviation, misalignment during the reach for the orange. The robot arm,"", ""explanation"": ""Position deviation, misalignment during the reach for the orange. The robot arm did not properly align itself over the orange, leading to an unsuccessful grasp attempt. This misalignment indicates that the end-effector was not accurately positioned, resulting in a failure to securely grasp the object. The position deviation in the X and Y axes indicates that the end-effector was slightly behind (X"", ""confidence"": 0.012562}",0,2
62,carrot_in_sink,put the carrot in the sink,Reach/grasp misalignment,True,0,0,"Position deviation, misalignment during the reach for the orange. The robot arm,","Position deviation, misalignment during the reach for the orange. The robot arm did not properly align itself over the orange, leading to an unsuccessful grasp attempt. This misalignment indicates that the end-effector was not accurately positioned, resulting in a position deviation that prevented the robot from successfully completing the task. The robot's inability to correctly reach the target,",0.012345,"[0, 4, 8, 12, 17, 21, 25, 29, 33, 37, 42, 46, 50, 54, 58, 62, 67, 71, 75, 79]","{""failed"": true, ""failure_start_timestep"": 0, ""failure_end_timestep"": 1, ""failure_type"": ""Position deviation, misalignment during the reach for the orange. The robot arm,"", ""explanation"": ""Position deviation, misalignment during the reach for the orange. The robot arm did not properly align itself over the orange, leading to an unsuccessful grasp attempt. This misalignment indicates that the end-effector was not accurately positioned, resulting in a position deviation that prevented the robot from successfully completing the task. The robot's inability to correctly reach the target,"", ""confidence"": 0.012345}",0,2
63,carrot_in_sink,put the carrot in the sink,Reach/grasp misalignment,True,0,0,"Position deviation, misalignment during the reach for the orange. The robot arm,","Position deviation, misalignment during the reach for the orange. The robot arm did not properly align itself over the orange, leading to an unsuccessful grasp attempt. This misalignment indicates that the end-effector was not accurately positioned, resulting in a position deviation that prevented the robot from successfully completing the task. The robot's inability to correctly reach the target,",0.012345,"[0, 4, 8, 12, 17, 21, 25, 29, 33, 37, 42, 46, 50, 54, 58, 62, 67, 71, 75, 79]","{""failed"": true, ""failure_start_timestep"": 0, ""failure_end_timestep"": 1, ""failure_type"": ""Position deviation, misalignment during the reach for the orange. The robot arm,"", ""explanation"": ""Position deviation, misalignment during the reach for the orange. The robot arm did not properly align itself over the orange, leading to an unsuccessful grasp attempt. This misalignment indicates that the end-effector was not accurately positioned, resulting in a position deviation that prevented the robot from successfully completing the task. The robot's inability to correctly reach the target,"", ""confidence"": 0.012345}",0,2
64,carrot_in_sink,put the carrot in the sink,Reach/grasp misalignment,True,0,0,"Position deviation, misalignment during the reach for the orange. The robot arm,","Position deviation, misalignment during the reach for the orange. The robot arm did not properly align itself over the orange, leading to an unsuccessful grasp attempt. This misalignment indicates that the end-effector was not accurately positioned, which is crucial for successful manipulation tasks. As a result, the robot could not grasp the orange effectively, preventing it from completing the '",0.012345,"[0, 4, 8, 12, 17, 21, 25, 29, 33, 37, 42, 46, 50, 54, 58, 62, 67, 71, 75, 79]","{""failed"": true, ""failure_start_timestep"": 0, ""failure_end_timestep"": 1, ""failure_type"": ""Position deviation, misalignment during the reach for the orange. The robot arm,"", ""explanation"": ""Position deviation, misalignment during the reach for the orange. The robot arm did not properly align itself over the orange, leading to an unsuccessful grasp attempt. This misalignment indicates that the end-effector was not accurately positioned, which is crucial for successful manipulation tasks. As a result, the robot could not grasp the orange effectively, preventing it from completing the '"", ""confidence"": 0.012345}",0,2
65,carrot_in_sink,put the carrot in the sink,Reach/grasp misalignment,True,0,0,"Position deviation, misalignment during the reach for the cup. The robot arm did","Position deviation, misalignment during the reach for the cup. The robot arm did not properly align itself over the cup, leading to an unsuccessful grasp attempt. This misalignment indicates that the end-effector was not accurately positioned, which is crucial for successful manipulation tasks. As a result, the robot could not grasp the cup securely, preventing it from completing the subsequent 'L",0.012345,"[0, 4, 8, 12, 17, 21, 25, 29, 33, 37, 42, 46, 50, 54, 58, 62, 67, 71, 75, 79]","{""failed"": true, ""failure_start_timestep"": 0, ""failure_end_timestep"": 1, ""failure_type"": ""Position deviation, misalignment during the reach for the cup. The robot arm did"", ""explanation"": ""Position deviation, misalignment during the reach for the cup. The robot arm did not properly align itself over the cup, leading to an unsuccessful grasp attempt. This misalignment indicates that the end-effector was not accurately positioned, which is crucial for successful manipulation tasks. As a result, the robot could not grasp the cup securely, preventing it from completing the subsequent 'L"", ""confidence"": 0.012345}",0,2
66,carrot_in_sink,put the carrot in the sink,Reach/grasp misalignment,True,0,0,"Position deviation, misalignment during the reach for the cup stage. The robot's","Position deviation, misalignment during the reach for the cup stage. The robot arm did not properly align itself over the cup, leading to an unsuccessful grasp attempt. This misalignment indicates that the end-effector was not accurately positioned, which is crucial for successful manipulation tasks. As a result, the robot could not securely grasp the cup, preventing it from completing the task of",0.0,"[0, 4, 8, 12, 17, 21, 25, 29, 33, 37, 42, 46, 50, 54, 58, 62, 67, 71, 75, 79]","{""failed"": true, ""failure_start_timestep"": 0, ""failure_end_timestep"": 1, ""failure_type"": ""Position deviation, misalignment during the reach for the cup stage. The robot's"", ""explanation"": ""Position deviation, misalignment during the reach for the cup stage. The robot arm did not properly align itself over the cup, leading to an unsuccessful grasp attempt. This misalignment indicates that the end-effector was not accurately positioned, which is crucial for successful manipulation tasks. As a result, the robot could not securely grasp the cup, preventing it from completing the task of"", ""confidence"": 0.0}",0,2
67,carrot_in_sink,put the carrot in the sink,Reach/grasp misalignment,True,0,0,"Position deviation, misalignment during the reach for the orange. The robot arm,","Position deviation, misalignment during the reach for the orange. The robot arm did not properly align itself over the orange, leading to an unsuccessful grasp attempt. This misalignment indicates that the end-effector was not accurately positioned, resulting in a position deviation that prevented the robot from successfully completing the task. The robot's inability to correctly reach the target,",0.012345,"[0, 4, 8, 12, 17, 21, 25, 29, 33, 37, 42, 46, 50, 54, 58, 62, 67, 71, 75, 79]","{""failed"": true, ""failure_start_timestep"": 0, ""failure_end_timestep"": 1, ""failure_type"": ""Position deviation, misalignment during the reach for the orange. The robot arm,"", ""explanation"": ""Position deviation, misalignment during the reach for the orange. The robot arm did not properly align itself over the orange, leading to an unsuccessful grasp attempt. This misalignment indicates that the end-effector was not accurately positioned, resulting in a position deviation that prevented the robot from successfully completing the task. The robot's inability to correctly reach the target,"", ""confidence"": 0.012345}",0,2
68,carrot_in_sink,put the carrot in the sink,Reach/grasp misalignment,True,0,0,"Position deviation, misalignment during the reach for the cup stage. The robot's","Position deviation, misalignment during the reach for the cup stage. The robot arm did not properly align itself over the cup, leading to an unsuccessful grasp attempt. This misalignment indicates that the end-effector was not accurately positioned, which is crucial for successful manipulation tasks. As a result, the robot could not securely grasp the cup, preventing it from completing the task of",0.0,"[0, 4, 8, 12, 17, 21, 25, 29, 33, 37, 42, 46, 50, 54, 58, 62, 67, 71, 75, 79]","{""failed"": true, ""failure_start_timestep"": 0, ""failure_end_timestep"": 1, ""failure_type"": ""Position deviation, misalignment during the reach for the cup stage. The robot's"", ""explanation"": ""Position deviation, misalignment during the reach for the cup stage. The robot arm did not properly align itself over the cup, leading to an unsuccessful grasp attempt. This misalignment indicates that the end-effector was not accurately positioned, which is crucial for successful manipulation tasks. As a result, the robot could not securely grasp the cup, preventing it from completing the task of"", ""confidence"": 0.0}",0,2
69,carrot_in_sink,put the carrot in the sink,Reach/grasp misalignment,True,0,0,"Position deviation, misalignment during the reach for the orange. The robot arm,","Position deviation, misalignment during the reach for the orange. The robot arm did not properly align itself over the orange, leading to an unsuccessful grasp attempt. This misalignment indicates that the end-effector was not accurately positioned, resulting in a position deviation that prevented the robot from successfully completing the task. The robot's inability to correctly reach the target,",0.012345,"[0, 4, 8, 12, 17, 21, 25, 29, 33, 37, 42, 46, 50, 54, 58, 62, 67, 71, 75, 79]","{""failed"": true, ""failure_start_timestep"": 0, ""failure_end_timestep"": 1, ""failure_type"": ""Position deviation, misalignment during the reach for the orange. The robot arm,"", ""explanation"": ""Position deviation, misalignment during the reach for the orange. The robot arm did not properly align itself over the orange, leading to an unsuccessful grasp attempt. This misalignment indicates that the end-effector was not accurately positioned, resulting in a position deviation that prevented the robot from successfully completing the task. The robot's inability to correctly reach the target,"", ""confidence"": 0.012345}",0,2
70,carrot_in_sink,put the carrot in the sink,Reach/grasp misalignment,True,0,0,"Position deviation, misalignment during the grasping stage. The robot arm's grip","Position deviation, misalignment during the grasping stage. The robot arm's gripper did not properly align with the center of the cup, leading to an unsuccessful grasp. This misalignment indicates that the end-effector was not accurately positioned over the cup, which is crucial for a successful grasp. As a result, the robot could not lift the cup and continue with the subsequent steps of placing,",0.0,"[0, 4, 8, 12, 17, 21, 25, 29, 33, 37, 42, 46, 50, 54, 58, 62, 67, 71, 75, 79]","{""failed"": true, ""failure_start_timestep"": 0, ""failure_end_timestep"": 1, ""failure_type"": ""Position deviation, misalignment during the grasping stage. The robot arm's grip"", ""explanation"": ""Position deviation, misalignment during the grasping stage. The robot arm's gripper did not properly align with the center of the cup, leading to an unsuccessful grasp. This misalignment indicates that the end-effector was not accurately positioned over the cup, which is crucial for a successful grasp. As a result, the robot could not lift the cup and continue with the subsequent steps of placing,"", ""confidence"": 0.0}",0,2
71,carrot_in_sink,put the carrot in the sink,Reach/grasp misalignment,True,0,0,"Position deviation, misalignment during the reach for the orange. The robot arm,","Position deviation, misalignment during the reach for the orange. The robot arm did not properly align itself over the orange, leading to an unsuccessful grasp attempt. This misalignment indicates that the end-effector was not accurately positioned, resulting in a position deviation that prevented the robot from successfully completing the task. The robot's inability to correctly reach the target,",0.012345,"[0, 4, 8, 12, 17, 21, 25, 29, 33, 37, 42, 46, 50, 54, 58, 62, 67, 71, 75, 79]","{""failed"": true, ""failure_start_timestep"": 0, ""failure_end_timestep"": 1, ""failure_type"": ""Position deviation, misalignment during the reach for the orange. The robot arm,"", ""explanation"": ""Position deviation, misalignment during the reach for the orange. The robot arm did not properly align itself over the orange, leading to an unsuccessful grasp attempt. This misalignment indicates that the end-effector was not accurately positioned, resulting in a position deviation that prevented the robot from successfully completing the task. The robot's inability to correctly reach the target,"", ""confidence"": 0.012345}",0,2
72,carrot_in_sink,put the carrot in the sink,Reach/grasp misalignment,True,0,0,"Position deviation, misalignment during the reach for the cup stage. The robot's","Position deviation, misalignment during the reach for the cup stage. The robot arm did not properly align itself over the cup, leading to an unsuccessful grasp attempt. This misalignment indicates that the end-effector was not accurately positioned, which is crucial for successful manipulation tasks. As a result, the robot could not securely grasp the cup, preventing it from completing the task of",0.0,"[0, 4, 8, 12, 17, 21, 25, 29, 33, 37, 42, 46, 50, 54, 58, 62, 67, 71, 75, 79]","{""failed"": true, ""failure_start_timestep"": 0, ""failure_end_timestep"": 1, ""failure_type"": ""Position deviation, misalignment during the reach for the cup stage. The robot's"", ""explanation"": ""Position deviation, misalignment during the reach for the cup stage. The robot arm did not properly align itself over the cup, leading to an unsuccessful grasp attempt. This misalignment indicates that the end-effector was not accurately positioned, which is crucial for successful manipulation tasks. As a result, the robot could not securely grasp the cup, preventing it from completing the task of"", ""confidence"": 0.0}",0,2
73,carrot_in_sink,put the carrot in the sink,Reach/grasp misalignment,True,0,0,"Position deviation, misalignment during the reach for the cup stage. The robot's","Position deviation, misalignment during the reach for the cup stage. The robot arm did not properly align itself over the cup, leading to an unsuccessful grasp attempt. This misalignment indicates that the end-effector was not accurately positioned, which is crucial for successful manipulation tasks. As a result, the robot could not grasp the cup securely, preventing it from completing the task of",0.0,"[0, 4, 8, 12, 17, 21, 25, 29, 33, 37, 42, 46, 50, 54, 58, 62, 67, 71, 75, 79]","{""failed"": true, ""failure_start_timestep"": 0, ""failure_end_timestep"": 1, ""failure_type"": ""Position deviation, misalignment during the reach for the cup stage. The robot's"", ""explanation"": ""Position deviation, misalignment during the reach for the cup stage. The robot arm did not properly align itself over the cup, leading to an unsuccessful grasp attempt. This misalignment indicates that the end-effector was not accurately positioned, which is crucial for successful manipulation tasks. As a result, the robot could not grasp the cup securely, preventing it from completing the task of"", ""confidence"": 0.0}",0,2
74,carrot_in_sink,put the carrot in the sink,Reach/grasp misalignment,True,0,0,"Position deviation, misalignment during the reach for the cup. The robot arm did","Position deviation, misalignment during the reach for the cup. The robot arm did not properly align itself over the cup, leading to an unsuccessful grasp attempt. This misalignment indicates that the end-effector was not accurately positioned, which is crucial for successful manipulation tasks. As a result, the robot could not grasp the cup securely, preventing it from completing the subsequent 'L",0.012345,"[0, 4, 8, 12, 17, 21, 25, 29, 33, 37, 42, 46, 50, 54, 58, 62, 67, 71, 75, 79]","{""failed"": true, ""failure_start_timestep"": 0, ""failure_end_timestep"": 1, ""failure_type"": ""Position deviation, misalignment during the reach for the cup. The robot arm did"", ""explanation"": ""Position deviation, misalignment during the reach for the cup. The robot arm did not properly align itself over the cup, leading to an unsuccessful grasp attempt. This misalignment indicates that the end-effector was not accurately positioned, which is crucial for successful manipulation tasks. As a result, the robot could not grasp the cup securely, preventing it from completing the subsequent 'L"", ""confidence"": 0.012345}",0,2
75,carrot_in_sink,put the carrot in the sink,Reach/grasp misalignment,True,0,0,"Position deviation, misalignment during the reach for the orange. The robot arm,","Position deviation, misalignment during the reach for the orange. The robot arm did not accurately position itself over the orange, leading to an unsuccessful grasp attempt. This misalignment indicates that the end-effector was not properly oriented and positioned relative to the target object, resulting in a failure to grasp it securely. The position deviation in the X-axis indicates that the end",0.012345,"[0, 4, 8, 12, 17, 21, 25, 29, 33, 37, 42, 46, 50, 54, 58, 62, 67, 71, 75, 79]","{""failed"": true, ""failure_start_timestep"": 0, ""failure_end_timestep"": 1, ""failure_type"": ""Position deviation, misalignment during the reach for the orange. The robot arm,"", ""explanation"": ""Position deviation, misalignment during the reach for the orange. The robot arm did not accurately position itself over the orange, leading to an unsuccessful grasp attempt. This misalignment indicates that the end-effector was not properly oriented and positioned relative to the target object, resulting in a failure to grasp it securely. The position deviation in the X-axis indicates that the end"", ""confidence"": 0.012345}",0,2
76,carrot_in_sink,put the carrot in the sink,Reach/grasp misalignment,True,0,0,"Position deviation, misalignment during the reach for the cup. The robot arm did","Position deviation, misalignment during the reach for the cup. The robot arm did not properly align itself over the cup, leading to an unsuccessful grasp attempt. This misalignment indicates that the end-effector was not accurately positioned, which is crucial for successful manipulation tasks. As a result, the robot could not grasp the cup securely, preventing it from completing the subsequent 'L",0.012345,"[0, 4, 8, 12, 17, 21, 25, 29, 33, 37, 42, 46, 50, 54, 58, 62, 67, 71, 75, 79]","{""failed"": true, ""failure_start_timestep"": 0, ""failure_end_timestep"": 1, ""failure_type"": ""Position deviation, misalignment during the reach for the cup. The robot arm did"", ""explanation"": ""Position deviation, misalignment during the reach for the cup. The robot arm did not properly align itself over the cup, leading to an unsuccessful grasp attempt. This misalignment indicates that the end-effector was not accurately positioned, which is crucial for successful manipulation tasks. As a result, the robot could not grasp the cup securely, preventing it from completing the subsequent 'L"", ""confidence"": 0.012345}",0,2
77,carrot_in_sink,put the carrot in the sink,Reach/grasp misalignment,True,0,0,"Position deviation, misalignment during the reach for the cup. The robot arm did","Position deviation, misalignment during the reach for the cup. The robot arm did not properly align itself over the cup, leading to an unsuccessful grasp attempt. This misalignment indicates that the end-effector was not accurately positioned, which is crucial for successful manipulation tasks. As a result, the robot could not securely grasp the cup, preventing it from completing the subsequent 'L",0.012345,"[0, 4, 8, 12, 17, 21, 25, 29, 33, 37, 42, 46, 50, 54, 58, 62, 67, 71, 75, 79]","{""failed"": true, ""failure_start_timestep"": 0, ""failure_end_timestep"": 1, ""failure_type"": ""Position deviation, misalignment during the reach for the cup. The robot arm did"", ""explanation"": ""Position deviation, misalignment during the reach for the cup. The robot arm did not properly align itself over the cup, leading to an unsuccessful grasp attempt. This misalignment indicates that the end-effector was not accurately positioned, which is crucial for successful manipulation tasks. As a result, the robot could not securely grasp the cup, preventing it from completing the subsequent 'L"", ""confidence"": 0.012345}",0,2
81,yellow_cube_on_green_cube,stack the yellow cube on the green cube,Reach/grasp misalignment,True,0,0,"Position deviation, misalignment during the grasping stage. The robot arm's grip","Position deviation, misalignment during the grasping stage. The robot arm's gripper did not properly align with the center of the green cube, leading to an unsuccessful grasp. This misalignment indicates that the end-effector was not accurately positioned over the target object, which is crucial for successful manipulation. As a result, the robot arm could not lift the green cube and stack it on a",0.0,"[0, 4, 8, 12, 17, 21, 25, 29, 33, 37, 42, 46, 50, 54, 58, 62, 67, 71, 75, 79]","{""failed"": true, ""failure_start_timestep"": 0, ""failure_end_timestep"": 1, ""failure_type"": ""Position deviation, misalignment during the grasping stage. The robot arm's grip"", ""explanation"": ""Position deviation, misalignment during the grasping stage. The robot arm's gripper did not properly align with the center of the green cube, leading to an unsuccessful grasp. This misalignment indicates that the end-effector was not accurately positioned over the target object, which is crucial for successful manipulation. As a result, the robot arm could not lift the green cube and stack it on a"", ""confidence"": 0.0}",0,2
82,yellow_cube_on_green_cube,stack the yellow cube on the green cube,Reach/grasp misalignment,True,0,0,"Position deviation, misalignment during the grasping stage. The robot arm's end-","Position deviation, misalignment during the grasping stage. The robot arm's end-effector was not properly aligned with the green cube, leading to an unsuccessful grasp attempt. This misalignment indicates that the robot's approach trajectory did not accurately position itself over the green cube, resulting in a failure to securely grasp it. Consequently, the robot could not complete the subsequent",0.0,"[0, 4, 8, 12, 17, 21, 25, 29, 33, 37, 42, 46, 50, 54, 58, 62, 67, 71, 75, 79]","{""failed"": true, ""failure_start_timestep"": 0, ""failure_end_timestep"": 1, ""failure_type"": ""Position deviation, misalignment during the grasping stage. The robot arm's end-"", ""explanation"": ""Position deviation, misalignment during the grasping stage. The robot arm's end-effector was not properly aligned with the green cube, leading to an unsuccessful grasp attempt. This misalignment indicates that the robot's approach trajectory did not accurately position itself over the green cube, resulting in a failure to securely grasp it. Consequently, the robot could not complete the subsequent"", ""confidence"": 0.0}",0,2
85,yellow_cube_on_green_cube,stack the yellow cube on the green cube,Reach/grasp misalignment,True,0,0,"Position deviation, grasp failure, misalignment, insufficient grasping force, or","Position deviation, grasp failure, misalignment, insufficient grasping force, or position deviation during the grasping stage. The robot arm's gripper did not properly align with the center of the green cube, leading to an unsuccessful grasp. This misalignment indicates that the end-effector was not positioned accurately over the green cube, which is crucial for a successful grasp. As a result, it",0.0,"[0, 4, 8, 12, 17, 21, 25, 29, 33, 37, 42, 46, 50, 54, 58, 62, 67, 71, 75, 79]","{""failed"": true, ""failure_start_timestep"": 0, ""failure_end_timestep"": 1, ""failure_type"": ""Position deviation, grasp failure, misalignment, insufficient grasping force, or"", ""explanation"": ""Position deviation, grasp failure, misalignment, insufficient grasping force, or position deviation during the grasping stage. The robot arm's gripper did not properly align with the center of the green cube, leading to an unsuccessful grasp. This misalignment indicates that the end-effector was not positioned accurately over the green cube, which is crucial for a successful grasp. As a result, it"", ""confidence"": 0.0}",0,2
88,yellow_cube_on_green_cube,stack the yellow cube on the green cube,Reach/grasp misalignment,True,0,0,"Position deviation, misalignment during the grasping stage. The robot arm's grip","Position deviation, misalignment during the grasping stage. The robot arm's gripper did not properly align with the center of the green cube, leading to an unsuccessful grasp. This misalignment indicates that the end-effector was not accurately positioned over the target object, which is crucial for successful manipulation. As a result, the robot arm could not lift the green cube and stack it on a",0.0,"[0, 4, 8, 12, 17, 21, 25, 29, 33, 37, 42, 46, 50, 54, 58, 62, 67, 71, 75, 79]","{""failed"": true, ""failure_start_timestep"": 0, ""failure_end_timestep"": 1, ""failure_type"": ""Position deviation, misalignment during the grasping stage. The robot arm's grip"", ""explanation"": ""Position deviation, misalignment during the grasping stage. The robot arm's gripper did not properly align with the center of the green cube, leading to an unsuccessful grasp. This misalignment indicates that the end-effector was not accurately positioned over the target object, which is crucial for successful manipulation. As a result, the robot arm could not lift the green cube and stack it on a"", ""confidence"": 0.0}",0,2
89,yellow_cube_on_green_cube,stack the yellow cube on the green cube,Reach/grasp misalignment,True,0,0,"Position deviation, grasp failure, misalignment, insufficient force applied by a","The robot arm's gripper did not properly align with the green cube during the grasping stage. This misalignment resulted in the gripper being unable to securely grasp the cube, leading to a failure in completing the task of stacking it on the yellow cube. The position deviation indicates that the end-effector was not positioned correctly over the green cube, which is crucial for a successful grasp",0.0,"[0, 4, 8, 12, 17, 21, 25, 29, 33, 37, 42, 46, 50, 54, 58, 62, 67, 71, 75, 79]","{""failed"": true, ""failure_start_timestep"": 0, ""failure_end_timestep"": 1, ""failure_type"": ""Position deviation, grasp failure, misalignment, insufficient force applied by a"", ""explanation"": ""The robot arm's gripper did not properly align with the green cube during the grasping stage. This misalignment resulted in the gripper being unable to securely grasp the cube, leading to a failure in completing the task of stacking it on the yellow cube. The position deviation indicates that the end-effector was not positioned correctly over the green cube, which is crucial for a successful grasp"", ""confidence"": 0.0}",0,2
90,yellow_cube_on_green_cube,stack the yellow cube on the green cube,Reach/grasp misalignment,True,0,0,"Position deviation, grasp failure, misalignment, insufficient grasping force, or","Position deviation, grasp failure, misalignment, insufficient grasping force, or position deviation during the grasping stage. The robot arm's gripper did not properly align with the center of the green cube, leading to an unsuccessful grasp. This misalignment indicates that the end-effector was not accurately positioned over the target object, which is crucial for successful manipulation. As a re",0.0,"[0, 4, 8, 12, 17, 21, 25, 29, 33, 37, 42, 46, 50, 54, 58, 62, 67, 71, 75, 79]","{""failed"": true, ""failure_start_timestep"": 0, ""failure_end_timestep"": 1, ""failure_type"": ""Position deviation, grasp failure, misalignment, insufficient grasping force, or"", ""explanation"": ""Position deviation, grasp failure, misalignment, insufficient grasping force, or position deviation during the grasping stage. The robot arm's gripper did not properly align with the center of the green cube, leading to an unsuccessful grasp. This misalignment indicates that the end-effector was not accurately positioned over the target object, which is crucial for successful manipulation. As a re"", ""confidence"": 0.0}",0,2
92,yellow_cube_on_green_cube,stack the yellow cube on the green cube,Reach/grasp misalignment,True,0,0,"Position deviation, grasp failure, misalignment, insufficient grasping force, or","Position deviation, grasp failure, misalignment, insufficient grasping force, or position deviation during the grasping stage. The robot arm's gripper did not properly align with the center of the green cube, leading to an unsuccessful grasp. This misalignment indicates that the end-effector was not positioned accurately over the target object, which is crucial for successful manipulation. As a re",0.0,"[0, 4, 8, 12, 17, 21, 25, 29, 33, 37, 42, 46, 50, 54, 58, 62, 67, 71, 75, 79]","{""failed"": true, ""failure_start_timestep"": 0, ""failure_end_timestep"": 1, ""failure_type"": ""Position deviation, grasp failure, misalignment, insufficient grasping force, or"", ""explanation"": ""Position deviation, grasp failure, misalignment, insufficient grasping force, or position deviation during the grasping stage. The robot arm's gripper did not properly align with the center of the green cube, leading to an unsuccessful grasp. This misalignment indicates that the end-effector was not positioned accurately over the target object, which is crucial for successful manipulation. As a re"", ""confidence"": 0.0}",0,2
94,yellow_cube_on_green_cube,stack the yellow cube on the green cube,Reach/grasp misalignment,True,0,0,"Position deviation, grasp failure, misalignment, insufficient force applied by a","The robot arm's gripper did not properly align with the center of the green cube during the grasping attempt. This misalignment resulted in the gripper being unable to securely grasp the cube, leading to a failure in completing the stacking task. The position deviation indicates that the end-effector was off course, causing it to miss the target object entirely. Such deviations can result from a m",0.0,"[0, 4, 8, 12, 17, 21, 25, 29, 33, 37, 42, 46, 50, 54, 58, 62, 67, 71, 75, 79]","{""failed"": true, ""failure_start_timestep"": 0, ""failure_end_timestep"": 1, ""failure_type"": ""Position deviation, grasp failure, misalignment, insufficient force applied by a"", ""explanation"": ""The robot arm's gripper did not properly align with the center of the green cube during the grasping attempt. This misalignment resulted in the gripper being unable to securely grasp the cube, leading to a failure in completing the stacking task. The position deviation indicates that the end-effector was off course, causing it to miss the target object entirely. Such deviations can result from a m"", ""confidence"": 0.0}",0,2
98,yellow_cube_on_green_cube,stack the yellow cube on the green cube,Stacking misalignment,True,0,0,"Position deviation, misalignment during the stacking phase. The robot arm did a ","Position deviation, misalignment during the stacking phase. The robot arm did not properly align the light green long block directly above the red cube before attempting to stack it. This misalignment resulted in the inability to successfully place the block on the cube, leading to a failure in completing the task. The position deviation indicates that the end-effector was off course, causing the ",0.012562,"[0, 4, 8, 12, 17, 21, 25, 29, 33, 37, 42, 46, 50, 54, 58, 62, 67, 71, 75, 79]","{""failed"": true, ""failure_start_timestep"": 0, ""failure_end_timestep"": 1, ""failure_type"": ""Position deviation, misalignment during the stacking phase. The robot arm did a "", ""explanation"": ""Position deviation, misalignment during the stacking phase. The robot arm did not properly align the light green long block directly above the red cube before attempting to stack it. This misalignment resulted in the inability to successfully place the block on the cube, leading to a failure in completing the task. The position deviation indicates that the end-effector was off course, causing the "", ""confidence"": 0.012562}",0,2
100,yellow_cube_on_green_cube,stack the yellow cube on the green cube,Reach/grasp misalignment,True,0,0,"Position deviation, misalignment during the grasping stage. The robot arm's grip","Position deviation, misalignment during the grasping stage. The robot arm's gripper did not properly align with the center of the light green long block, leading to an unsuccessful grasp. This misalignment indicates that the end-effector was not positioned accurately over the object, which is crucial for a successful grasp. As a result, the robot arm could not lift the block and continue with the ",0.0,"[0, 4, 8, 12, 17, 21, 25, 29, 33, 37, 42, 46, 50, 54, 58, 62, 67, 71, 75, 79]","{""failed"": true, ""failure_start_timestep"": 0, ""failure_end_timestep"": 1, ""failure_type"": ""Position deviation, misalignment during the grasping stage. The robot arm's grip"", ""explanation"": ""Position deviation, misalignment during the grasping stage. The robot arm's gripper did not properly align with the center of the light green long block, leading to an unsuccessful grasp. This misalignment indicates that the end-effector was not positioned accurately over the object, which is crucial for a successful grasp. As a result, the robot arm could not lift the block and continue with the "", ""confidence"": 0.0}",0,2
102,yellow_cube_on_green_cube,stack the yellow cube on the green cube,Reach/grasp misalignment,True,0,0,"Position deviation, grasp failure, misalignment, insufficient grasping force, or","Position deviation, grasp failure, misalignment, insufficient grasping force, or position deviation during the grasping stage. The robot arm's gripper did not properly align with the center of the green cube, leading to an unsuccessful grasp. This misalignment indicates that the end-effector was not positioned accurately over the green cube, which is crucial for a successful grasp. As a result, it",0.0,"[0, 4, 8, 12, 17, 21, 25, 29, 33, 37, 42, 46, 50, 54, 58, 62, 67, 71, 75, 79]","{""failed"": true, ""failure_start_timestep"": 0, ""failure_end_timestep"": 1, ""failure_type"": ""Position deviation, grasp failure, misalignment, insufficient grasping force, or"", ""explanation"": ""Position deviation, grasp failure, misalignment, insufficient grasping force, or position deviation during the grasping stage. The robot arm's gripper did not properly align with the center of the green cube, leading to an unsuccessful grasp. This misalignment indicates that the end-effector was not positioned accurately over the green cube, which is crucial for a successful grasp. As a result, it"", ""confidence"": 0.0}",0,2
106,yellow_cube_on_green_cube,stack the yellow cube on the green cube,Reach/grasp misalignment,True,0,0,"Position deviation, misalignment during the grasping stage. The robot arm's grip","Position deviation, misalignment during the grasping stage. The robot arm's gripper did not properly align with the center of the green cube, leading to an unsuccessful grasp. This misalignment indicates that the end-effector was not accurately positioned over the target object, which is crucial for successful manipulation. As a result, the robot arm could not lift the green cube and stack it on a",0.0,"[0, 4, 8, 12, 17, 21, 25, 29, 33, 37, 42, 46, 50, 54, 58, 62, 67, 71, 75, 79]","{""failed"": true, ""failure_start_timestep"": 0, ""failure_end_timestep"": 1, ""failure_type"": ""Position deviation, misalignment during the grasping stage. The robot arm's grip"", ""explanation"": ""Position deviation, misalignment during the grasping stage. The robot arm's gripper did not properly align with the center of the green cube, leading to an unsuccessful grasp. This misalignment indicates that the end-effector was not accurately positioned over the target object, which is crucial for successful manipulation. As a result, the robot arm could not lift the green cube and stack it on a"", ""confidence"": 0.0}",0,2
108,yellow_cube_on_green_cube,stack the yellow cube on the green cube,Reach/grasp misalignment,True,0,0,"Position deviation, misalignment during the grasping stage. The robot arm's end-","The robot arm was unable to properly align itself over the light green long block, resulting in a position deviation that hindered its ability to grasp the object. This misalignment indicates that the end-effector was not accurately positioned above the target object, leading to an unsuccessful attempt to lift it. The failure occurred specifically during the grasping stage, where precise alignment",0.0,"[0, 4, 8, 12, 17, 21, 25, 29, 33, 37, 42, 46, 50, 54, 58, 62, 67, 71, 75, 79]","{""failed"": true, ""failure_start_timestep"": 0, ""failure_end_timestep"": 1, ""failure_type"": ""Position deviation, misalignment during the grasping stage. The robot arm's end-"", ""explanation"": ""The robot arm was unable to properly align itself over the light green long block, resulting in a position deviation that hindered its ability to grasp the object. This misalignment indicates that the end-effector was not accurately positioned above the target object, leading to an unsuccessful attempt to lift it. The failure occurred specifically during the grasping stage, where precise alignment"", ""confidence"": 0.0}",0,2
120,yellow_cube_on_green_cube,stack the yellow cube on the green cube,Reach/grasp misalignment,True,0,0,"Position deviation, grasp failure, alignment error, grasping error, misalignment","Position deviation, grasp failure, alignment error, grasping error, misalignment during the grasping stage. The robot arm's gripper did not properly align with the center of the green cube, leading to an unsuccessful grasp. This misalignment indicates that the end-effector was not positioned accurately over the target object, which is crucial for successful manipulation. As a result, the robot arm",0.0,"[0, 4, 8, 12, 17, 21, 25, 29, 33, 37, 42, 46, 50, 54, 58, 62, 67, 71, 75, 79]","{""failed"": true, ""failure_start_timestep"": 0, ""failure_end_timestep"": 1, ""failure_type"": ""Position deviation, grasp failure, alignment error, grasping error, misalignment"", ""explanation"": ""Position deviation, grasp failure, alignment error, grasping error, misalignment during the grasping stage. The robot arm's gripper did not properly align with the center of the green cube, leading to an unsuccessful grasp. This misalignment indicates that the end-effector was not positioned accurately over the target object, which is crucial for successful manipulation. As a result, the robot arm"", ""confidence"": 0.0}",0,2
126,yellow_cube_on_green_cube,stack the yellow cube on the green cube,Reach/grasp misalignment,True,0,0,"Position deviation, misalignment during the grasping stage. The robot arm's grip","Position deviation, misalignment during the grasping stage. The robot arm's gripper did not properly align with the center of the green cube, leading to an unsuccessful grasp. This misalignment indicates that the end-effector was not accurately positioned over the target object, which is crucial for successful manipulation. As a result, the robot could not lift the green cube and stack it on the y",0.0,"[0, 4, 8, 12, 17, 21, 25, 29, 33, 37, 42, 46, 50, 54, 58, 62, 67, 71, 75, 79]","{""failed"": true, ""failure_start_timestep"": 0, ""failure_end_timestep"": 1, ""failure_type"": ""Position deviation, misalignment during the grasping stage. The robot arm's grip"", ""explanation"": ""Position deviation, misalignment during the grasping stage. The robot arm's gripper did not properly align with the center of the green cube, leading to an unsuccessful grasp. This misalignment indicates that the end-effector was not accurately positioned over the target object, which is crucial for successful manipulation. As a result, the robot could not lift the green cube and stack it on the y"", ""confidence"": 0.0}",0,2
127,yellow_cube_on_green_cube,stack the yellow cube on the green cube,Reach/grasp misalignment,True,0,0,"Position deviation, misalignment during the grasping stage. The robot arm's grip","Position deviation, misalignment during the grasping stage. The robot arm's gripper did not properly align with the center of the green cube, leading to an unsuccessful grasp. This misalignment indicates that the end-effector was not accurately positioned over the target object, which is crucial for successful manipulation. As a result, the robot arm could not lift the green cube and stack it on a",0.0,"[0, 4, 8, 12, 17, 21, 25, 29, 33, 37, 42, 46, 50, 54, 58, 62, 67, 71, 75, 79]","{""failed"": true, ""failure_start_timestep"": 0, ""failure_end_timestep"": 1, ""failure_type"": ""Position deviation, misalignment during the grasping stage. The robot arm's grip"", ""explanation"": ""Position deviation, misalignment during the grasping stage. The robot arm's gripper did not properly align with the center of the green cube, leading to an unsuccessful grasp. This misalignment indicates that the end-effector was not accurately positioned over the target object, which is crucial for successful manipulation. As a result, the robot arm could not lift the green cube and stack it on a"", ""confidence"": 0.0}",0,2
134,put_spoon_on_plate,put the spoon on the plate,Reach/grasp misalignment,True,0,0,"Position deviation, misalignment during the grasping stage. The robot arm's end-","The robot arm was unable to properly grasp the knife due to a position deviation that occurred during the grasping stage. Specifically, the end-effector was not aligned correctly with the knife, leading to an unsuccessful attempt to pick it up. This misalignment indicates that the robot's approach trajectory did not adequately account for the spatial relationship between the end-effector and the L",0.012345,"[0, 4, 8, 12, 17, 21, 25, 29, 33, 37, 42, 46, 50, 54, 58, 62, 67, 71, 75, 79]","{""failed"": true, ""failure_start_timestep"": 0, ""failure_end_timestep"": 1, ""failure_type"": ""Position deviation, misalignment during the grasping stage. The robot arm's end-"", ""explanation"": ""The robot arm was unable to properly grasp the knife due to a position deviation that occurred during the grasping stage. Specifically, the end-effector was not aligned correctly with the knife, leading to an unsuccessful attempt to pick it up. This misalignment indicates that the robot's approach trajectory did not adequately account for the spatial relationship between the end-effector and the L"", ""confidence"": 0.012345}",0,2
136,put_spoon_on_plate,put the spoon on the plate,Reach/grasp misalignment,True,0,0,"Position deviation, misalignment during the grasping stage. The robot arm was in","Position deviation, misalignment during the grasping stage. The robot arm was unable to accurately position itself over the knife, leading to an unsuccessful grasp attempt. This misalignment indicates that the end-effector was not properly oriented towards the knife, resulting in a failure to grasp it securely. The position deviation in the X and Y axes indicates that the end-effector was slightly",0.0,"[0, 4, 8, 12, 17, 21, 25, 29, 33, 37, 42, 46, 50, 54, 58, 62, 67, 71, 75, 79]","{""failed"": true, ""failure_start_timestep"": 0, ""failure_end_timestep"": 1, ""failure_type"": ""Position deviation, misalignment during the grasping stage. The robot arm was in"", ""explanation"": ""Position deviation, misalignment during the grasping stage. The robot arm was unable to accurately position itself over the knife, leading to an unsuccessful grasp attempt. This misalignment indicates that the end-effector was not properly oriented towards the knife, resulting in a failure to grasp it securely. The position deviation in the X and Y axes indicates that the end-effector was slightly"", ""confidence"": 0.0}",0,2
159,put_spoon_on_plate,put the spoon on the plate,Reach/grasp misalignment,True,0,0,"Position deviation, misalignment during the grasping stage. The robot arm's end-","Position deviation, misalignment during the grasping stage. The robot arm's end-effector was not properly aligned with the knife, leading to an unsuccessful grasp. This misalignment indicates that the robot's approach trajectory did not accurately position itself over the knife, resulting in a failure to securely grasp it. The position deviation in the X and Y axes indicates that the end-effector,",0.0,"[0, 4, 8, 12, 17, 21, 25, 29, 33, 37, 42, 46, 50, 54, 58, 62, 67, 71, 75, 79]","{""failed"": true, ""failure_start_timestep"": 0, ""failure_end_timestep"": 1, ""failure_type"": ""Position deviation, misalignment during the grasping stage. The robot arm's end-"", ""explanation"": ""Position deviation, misalignment during the grasping stage. The robot arm's end-effector was not properly aligned with the knife, leading to an unsuccessful grasp. This misalignment indicates that the robot's approach trajectory did not accurately position itself over the knife, resulting in a failure to securely grasp it. The position deviation in the X and Y axes indicates that the end-effector,"", ""confidence"": 0.0}",0,2
161,put_spoon_on_plate,put the spoon on the plate,Reach/grasp misalignment,True,0,0,"Position deviation, misalignment during the grasping stage. The robot arm was in","Position deviation, misalignment during the grasping stage. The robot arm was unable to accurately position itself over the knife, leading to an unsuccessful grasp attempt. This misalignment indicates that the end-effector was not properly oriented towards the knife, resulting in a failure to grasp it securely. The position deviation in the X and Y axes indicates that the end-effector was slightly",0.0,"[0, 4, 8, 12, 17, 21, 25, 29, 33, 37, 42, 46, 50, 54, 58, 62, 67, 71, 75, 79]","{""failed"": true, ""failure_start_timestep"": 0, ""failure_end_timestep"": 1, ""failure_type"": ""Position deviation, misalignment during the grasping stage. The robot arm was in"", ""explanation"": ""Position deviation, misalignment during the grasping stage. The robot arm was unable to accurately position itself over the knife, leading to an unsuccessful grasp attempt. This misalignment indicates that the end-effector was not properly oriented towards the knife, resulting in a failure to grasp it securely. The position deviation in the X and Y axes indicates that the end-effector was slightly"", ""confidence"": 0.0}",0,2
162,put_spoon_on_plate,put the spoon on the plate,Reach/grasp misalignment,True,0,0,"Position deviation, misalignment during the grasping stage. The robot arm's end-","Position deviation, misalignment during the grasping stage. The robot arm's end-effector was not properly aligned with the knife, leading to an unsuccessful grasp. This misalignment indicates that the robot's approach trajectory did not accurately position itself over the knife, resulting in a failure to securely grasp it. The position deviation in the X and Y axes indicates that the end-effector,",0.0,"[0, 4, 8, 12, 17, 21, 25, 29, 33, 37, 42, 46, 50, 54, 58, 62, 67, 71, 75, 79]","{""failed"": true, ""failure_start_timestep"": 0, ""failure_end_timestep"": 1, ""failure_type"": ""Position deviation, misalignment during the grasping stage. The robot arm's end-"", ""explanation"": ""Position deviation, misalignment during the grasping stage. The robot arm's end-effector was not properly aligned with the knife, leading to an unsuccessful grasp. This misalignment indicates that the robot's approach trajectory did not accurately position itself over the knife, resulting in a failure to securely grasp it. The position deviation in the X and Y axes indicates that the end-effector,"", ""confidence"": 0.0}",0,2
164,put_spoon_on_plate,put the spoon on the plate,Reach/grasp misalignment,True,0,0,"Position deviation, misalignment during the grasping stage. The robot arm was in","Position deviation, misalignment during the grasping stage. The robot arm was unable to accurately position itself over the knife, leading to an unsuccessful grasp attempt. This misalignment indicates that the end-effector was not properly oriented towards the knife, resulting in a failure to securely grasp it. The position deviation in the X and Y axes indicates that the end-effector was slightly",0.0,"[0, 4, 8, 12, 17, 21, 25, 29, 33, 37, 42, 46, 50, 54, 58, 62, 67, 71, 75, 79]","{""failed"": true, ""failure_start_timestep"": 0, ""failure_end_timestep"": 1, ""failure_type"": ""Position deviation, misalignment during the grasping stage. The robot arm was in"", ""explanation"": ""Position deviation, misalignment during the grasping stage. The robot arm was unable to accurately position itself over the knife, leading to an unsuccessful grasp attempt. This misalignment indicates that the end-effector was not properly oriented towards the knife, resulting in a failure to securely grasp it. The position deviation in the X and Y axes indicates that the end-effector was slightly"", ""confidence"": 0.0}",0,2
168,put_spoon_on_plate,put the spoon on the plate,Reach/grasp misalignment,True,0,0,"Position deviation, misalignment during the grasping stage. The robot arm didnot","Position deviation, misalignment during the grasping stage. The robot arm did not reach the correct position to successfully grasp the knife. This misalignment indicates that the end-effector was not properly oriented towards the knife, leading to an inability to complete the task effectively. As a result, the robot could not proceed with the subsequent steps of lifting and moving the knife to the",0.0,"[0, 4, 8, 12, 17, 21, 25, 29, 33, 37, 42, 46, 50, 54, 58, 62, 67, 71, 75, 79]","{""failed"": true, ""failure_start_timestep"": 0, ""failure_end_timestep"": 1, ""failure_type"": ""Position deviation, misalignment during the grasping stage. The robot arm didnot"", ""explanation"": ""Position deviation, misalignment during the grasping stage. The robot arm did not reach the correct position to successfully grasp the knife. This misalignment indicates that the end-effector was not properly oriented towards the knife, leading to an inability to complete the task effectively. As a result, the robot could not proceed with the subsequent steps of lifting and moving the knife to the"", ""confidence"": 0.0}",0,2
169,put_spoon_on_plate,put the spoon on the plate,Reach/grasp misalignment,True,0,0,"Position deviation, grasping error, misalignment, or insufficient alignment of a","Position deviation, grasping error, misalignment, or insufficient alignment of a knife relative to the cup during the grasping stage. The robot arm was unable to properly grasp the knife due to a misalignment, which resulted in the end-effector being positioned incorrectly and not being able to securely hold the knife. This misalignment indicates that the robot's approach trajectory did not take a",0.0,"[0, 4, 8, 12, 17, 21, 25, 29, 33, 37, 42, 46, 50, 54, 58, 62, 67, 71, 75, 79]","{""failed"": true, ""failure_start_timestep"": 0, ""failure_end_timestep"": 1, ""failure_type"": ""Position deviation, grasping error, misalignment, or insufficient alignment of a"", ""explanation"": ""Position deviation, grasping error, misalignment, or insufficient alignment of a knife relative to the cup during the grasping stage. The robot arm was unable to properly grasp the knife due to a misalignment, which resulted in the end-effector being positioned incorrectly and not being able to securely hold the knife. This misalignment indicates that the robot's approach trajectory did not take a"", ""confidence"": 0.0}",0,2
175,put_spoon_on_plate,put the spoon on the plate,Placement misalignment,True,0,0,"Position deviation, misalignment during the final stage of placing the knife on.","The robot arm did not accurately position the knife directly above the plate before attempting to lower it down for placement. This misalignment resulted in the knife being positioned incorrectly, preventing it from being successfully placed on the plate. The position deviation indicates that the end-effector was off course, leading to an inability to complete the task as intended. Such deviations",0.012345,"[0, 4, 8, 12, 17, 21, 25, 29, 33, 37, 42, 46, 50, 54, 58, 62, 67, 71, 75, 79]","{""failed"": true, ""failure_start_timestep"": 0, ""failure_end_timestep"": 1, ""failure_type"": ""Position deviation, misalignment during the final stage of placing the knife on."", ""explanation"": ""The robot arm did not accurately position the knife directly above the plate before attempting to lower it down for placement. This misalignment resulted in the knife being positioned incorrectly, preventing it from being successfully placed on the plate. The position deviation indicates that the end-effector was off course, leading to an inability to complete the task as intended. Such deviations"", ""confidence"": 0.012345}",0,2
177,put_spoon_on_plate,put the spoon on the plate,Reach/grasp misalignment,True,0,0,"Position deviation, misalignment during the grasping stage. The robot arm's end-","Position deviation, misalignment during the grasping stage. The robot arm's end-effector was not properly aligned with the knife, leading to an unsuccessful grasp. This misalignment indicates that the robot's approach trajectory did not accurately position itself over the knife, resulting in a failure to securely grasp it. The position deviation in the X and Y axes indicates that the end-effector,",0.0,"[0, 4, 8, 12, 17, 21, 25, 29, 33, 37, 42, 46, 50, 54, 58, 62, 67, 71, 75, 79]","{""failed"": true, ""failure_start_timestep"": 0, ""failure_end_timestep"": 1, ""failure_type"": ""Position deviation, misalignment during the grasping stage. The robot arm's end-"", ""explanation"": ""Position deviation, misalignment during the grasping stage. The robot arm's end-effector was not properly aligned with the knife, leading to an unsuccessful grasp. This misalignment indicates that the robot's approach trajectory did not accurately position itself over the knife, resulting in a failure to securely grasp it. The position deviation in the X and Y axes indicates that the end-effector,"", ""confidence"": 0.0}",0,2
